

-- MySQL dump 10.13  Distrib 8.0.41, for Win64 (x86_64)
--
-- Host: 127.0.0.1    Database: bookhub_db_refactor
-- ------------------------------------------------------
-- Server version	8.0.41

/*!40101 SET @OLD_CHARACTER_SET_CLIENT=@@CHARACTER_SET_CLIENT */;
/*!40101 SET @OLD_CHARACTER_SET_RESULTS=@@CHARACTER_SET_RESULTS */;
/*!40101 SET @OLD_COLLATION_CONNECTION=@@COLLATION_CONNECTION */;
/*!50503 SET NAMES utf8 */;
/*!40103 SET @OLD_TIME_ZONE=@@TIME_ZONE */;
/*!40103 SET TIME_ZONE='+00:00' */;
/*!40014 SET @OLD_UNIQUE_CHECKS=@@UNIQUE_CHECKS, UNIQUE_CHECKS=0 */;
/*!40014 SET @OLD_FOREIGN_KEY_CHECKS=@@FOREIGN_KEY_CHECKS, FOREIGN_KEY_CHECKS=0 */;
/*!40101 SET @OLD_SQL_MODE=@@SQL_MODE, SQL_MODE='NO_AUTO_VALUE_ON_ZERO' */;
/*!40111 SET @OLD_SQL_NOTES=@@SQL_NOTES, SQL_NOTES=0 */;

--
-- Table structure for table `authors`
--

DROP TABLE IF EXISTS `authors`;
/*!40101 SET @saved_cs_client     = @@character_set_client */;
/*!50503 SET character_set_client = utf8mb4 */;
CREATE TABLE `authors` (
  `author_id` bigint NOT NULL AUTO_INCREMENT,
  `author_name` varchar(255) COLLATE utf8mb4_unicode_ci NOT NULL,
  `author_email` varchar(255) COLLATE utf8mb4_unicode_ci NOT NULL,
  PRIMARY KEY (`author_id`),
  UNIQUE KEY `author_email` (`author_email`)
) ENGINE=InnoDB AUTO_INCREMENT=228 DEFAULT CHARSET=utf8mb4 COLLATE=utf8mb4_unicode_ci;
/*!40101 SET character_set_client = @saved_cs_client */;

--
-- Dumping data for table `authors`
--

LOCK TABLES `authors` WRITE;
/*!40000 ALTER TABLE `authors` DISABLE KEYS */;
INSERT INTO `authors` VALUES (1,'author1','author1@naver.com'),(2,'author2','author2@naver.com'),(3,'author3','author3@naver.com'),(4,'이준광','fia2yxia@gmail.com'),(5,'박종훈','cz59uv1a@bookhub.kr'),(6,'성해나','s6ngztyy@daum.net'),(7,'David Cho','svgrioid@daum.net'),(8,'김금희','7jcvaj57@daum.net'),(9,'하태완','qs9rvvs3@naver.com'),(10,'양귀자','s1oak2kd@naver.com'),(11,'유시민','6eysjopc@daum.net'),(12,'김영하','z7yb76zl@gmail.com'),(13,'김애란','5nfephmx@gmail.com'),(14,'나민애','h7mtgs9u@naver.com'),(15,'한강','2zusdb6s@daum.net'),(16,'무명의 기도자','fdhmwlfq@naver.com'),(17,'해커스 어학연구소','hitoc4q4@gmail.com'),(18,'레이 커즈와일','f7bbmevw@bookhub.kr'),(19,'ETS','cc4k12fp@naver.com'),(20,'최태성','dtao9slt@bookhub.kr'),(21,'로버트 해그스트롬','4itwu9mj@gmail.com'),(22,'유창호','l0uwuny0@gmail.com'),(23,'이강','hj40zh56@gmail.com'),(24,'SDC','v8db2eqf@naver.com'),(25,'롭 다이얼','hoi0fqo1@daum.net'),(26,'태수','gdi6lyho@naver.com'),(27,'코이케 류노스케','k6ksw4qr@daum.net'),(28,'전극진','0vy97qih@naver.com'),(29,'사이먼 스큅','kpbig8qd@bookhub.kr'),(30,'권미주','8rc7v4ds@daum.net'),(31,'이선 몰릭','2a221wd3@gmail.com'),(32,'천하이센','qccjwp7x@gmail.com'),(33,'롤런드 앨런','k4jqolqv@daum.net'),(34,'히가시노 게이고','k0hvgj94@bookhub.kr'),(35,'윤지영','0lu3ku1t@daum.net'),(36,'쇼펜하우어','4rjebiru@gmail.com'),(37,'정대건','8hhpygsc@daum.net'),(38,'쑤친','xx5o7il4@gmail.com'),(39,'Hoover, Colleen','2cyq13fg@bookhub.kr'),(40,'프리드리히 니체','cvpoals6@daum.net'),(41,'슈테판 셰퍼','kooobzlg@gmail.com'),(42,'김초엽 외','txt1gnqf@gmail.com'),(43,'마쓰시타 고노스케','czqm25x9@gmail.com'),(44,'료','bziud75y@naver.com'),(45,'주언규','o04f28re@daum.net'),(46,'서울문화사 편집부','iecyd8xd@naver.com'),(47,'윤정은','yoeifldt@daum.net'),(48,'최서아 외','likg2qt6@bookhub.kr'),(49,'할미','2qj1qxjx@naver.com'),(50,'서울대학교 언어교육원','0cl32v91@bookhub.kr'),(51,'EIICHIRO ODA','5c6kw1z8@naver.com'),(52,'존 윌리엄스','1lg2a9hx@gmail.com'),(53,'서울대학교 언어교육원 외','zjpnpga3@daum.net'),(54,'고려대학교 한국어센터','6xtnwjp7@naver.com'),(55,'윤영빈 외','tjn10f9j@daum.net'),(56,'김경일','nzdh5wek@naver.com'),(57,'황인기 외','m9px5mg6@naver.com'),(58,'김주혜','fh3worqn@naver.com'),(59,'정희원','qxkxgzpk@daum.net'),(60,'김종원','78qdy3vy@gmail.com'),(61,'당근자판기(김진옥)','oahp4e61@gmail.com'),(62,'교보문고','rmxknprv@gmail.com'),(63,'이재명','adxsl7kt@naver.com'),(64,'레이 달리오','xmsmesoh@daum.net'),(65,'전용문 외','sx5ztb0g@bookhub.kr'),(66,'신민숙','bulv9shd@bookhub.kr'),(67,'해커스 일본어연구소','xhtl0p3v@gmail.com'),(68,'미즈시마 히로코','fyxr6qcu@gmail.com'),(69,'김주하','1lqrsxq7@gmail.com'),(70,'백온유 외','5ku03ea1@gmail.com'),(71,'유발 하라리','20bn5gak@naver.com'),(72,'알파남(김지수)','509e6aqh@gmail.com'),(73,'최진영','jom074rr@daum.net'),(74,'박강준','sdr91kin@naver.com'),(75,'최설희','97vynim6@gmail.com'),(76,'에듀윌 취업연구소','97eqcybi@gmail.com'),(77,'키즈몽드 편집부','tjsckhky@naver.com'),(78,'유경미','mq2bb7li@daum.net'),(79,'안-엘렌 클레르 외','yw12rs5v@daum.net'),(80,'아침달 편집부','ljx3dy14@bookhub.kr'),(81,'황석희','kqj6vvci@gmail.com'),(82,'백영 외','ky3sj2ge@gmail.com'),(83,'고명환','454m8nv5@daum.net'),(84,'이선재','jtxvoo0b@gmail.com'),(85,'일홍','r12ddk3k@naver.com'),(86,'차정은','q0g1qc6c@bookhub.kr'),(87,'길벗알앤디 외','wt4xo8u9@gmail.com'),(88,'전승환','d15u5j6x@daum.net'),(89,'김재우','h05o4ser@naver.com'),(90,'해커스어학연구소','iwm07izm@gmail.com'),(91,'이보영','enoenayn@bookhub.kr'),(92,'해커스 공무원시험연구소','5q3p6m8j@bookhub.kr'),(93,'황선미','1wtnitjw@bookhub.kr'),(94,'HANRORO(한로로)','djvubh6h@gmail.com'),(95,'이현석','71rqmv5n@bookhub.kr'),(96,'알에스미디어','atvuuciq@bookhub.kr'),(97,'강화길','tkzzbh49@naver.com'),(98,'김지연 외','fxzd8ld4@gmail.com'),(99,'에드 콘웨이','tvjbdft9@bookhub.kr'),(100,'모건 하우절','owtrhc4r@bookhub.kr'),(101,'리처드 도킨스','vxwebiy3@daum.net'),(102,'데일 카네기','1azp9bay@daum.net'),(103,'박용후','c70m1k7f@daum.net'),(104,'마크 마이어스','52efq848@gmail.com'),(105,'이슬아','5y5zawdg@daum.net'),(106,'브라이언 트레이시','m6vdltiu@daum.net'),(107,'정해연','gzr1h1sg@gmail.com'),(108,'EBS 자본주의 제작팀','3zcxn1sg@gmail.com'),(109,'Tatsuya Endo','qxg0r4lu@bookhub.kr'),(110,'마에다 히로유키 외','s9mld1wr@bookhub.kr'),(111,'최유리 외','bh04x5xn@naver.com'),(112,'하퍼 리','9x5rbc9q@gmail.com'),(113,'헤르만 헤세','5f222vnj@gmail.com'),(114,'센딜 멀레이너선 외','e58hqd5a@daum.net'),(115,'후지이 와카나','qbifnpuh@gmail.com'),(116,'김경미','8urk4dnb@daum.net'),(117,'구병모','qi0acbbq@bookhub.kr'),(118,'레이 커즈와일 외','0s02mxk6@naver.com'),(119,'김상욱','c5nrguvm@naver.com'),(120,'박참새','cawfa8cd@daum.net'),(121,'흔한남매','i9ktm6mu@gmail.com'),(122,'이원근 외','dnck0kpe@naver.com'),(123,'캐럴라인 냅','qpc33cyv@bookhub.kr'),(124,'크리스토퍼 울만','8s4wcoik@daum.net'),(125,'에그박사','hqmt2drv@bookhub.kr'),(126,'김민석','2wbv6rrg@daum.net'),(127,'피터 틸 외','k0k014oq@bookhub.kr'),(128,'김수경','5ahurvq3@naver.com'),(129,'최창률','qvse462w@bookhub.kr'),(130,'정주희','0rucyr9t@naver.com'),(131,'김용호','vreastpl@daum.net'),(132,'성서유니온선교회 편집부','kbrofkqc@bookhub.kr'),(133,'안녕달','umqa10w8@daum.net'),(134,'길벗알앤디','nj22hqs8@naver.com'),(135,'윤종혁 외','ka96fipb@bookhub.kr'),(136,'정세희','251q5ti3@bookhub.kr'),(137,'해커스 오픽연구소','bc2mmc98@gmail.com'),(138,'유은하','8s3u802n@daum.net'),(139,'에리히 프롬','ykhf5rj0@bookhub.kr'),(140,'전원경','kzojijvm@naver.com'),(141,'문동균','mwb5ilqj@daum.net'),(142,'벤저민 하디','w0fdtuxr@gmail.com'),(143,'하정훈','w4mwh4tk@daum.net'),(144,'유은실','f7ptej8h@naver.com'),(145,'루리','bxgzzqxd@naver.com'),(146,'박정민','0ua5gzw2@bookhub.kr'),(147,'서맨사 하비','oitl9yec@gmail.com'),(148,'유지만','si7pe0ni@naver.com'),(149,'프롬프트 크리에이터','1cm42zlt@gmail.com'),(150,'크리스틴 로젠','3e0sidcr@naver.com'),(151,'박근호','c1oglsrc@bookhub.kr'),(152,'예프리','i4ksvbk4@bookhub.kr'),(153,'폴 포돌스키','v32szeuy@daum.net'),(154,'심우철','wqmzpa44@bookhub.kr'),(155,'김지훈(포메뽀꼬)','evpwxbtu@gmail.com'),(156,'소정현','53t7wbxq@gmail.com'),(157,'이꽃님','wlxbe4ae@naver.com'),(158,'칼 세이건','jcpljlzc@bookhub.kr'),(159,'김대환','j2g8bbm8@naver.com'),(160,'크리스틴 조','54v29viv@naver.com'),(161,'두란노 편집부','1mw3ne96@daum.net'),(162,'박상길','x7lfuyur@bookhub.kr'),(163,'Jenny Cha','pdt2yfru@daum.net'),(164,'조승리','0ugpditi@bookhub.kr'),(165,'寶島社','vw0nzgci@bookhub.kr'),(166,'김태완','dv78zlrs@gmail.com'),(167,'타츠키 료 외','i8xh7912@naver.com'),(168,'맥심코리아 편집부','fvtusij0@daum.net'),(169,'삼일회계법인','64vplwpd@naver.com'),(170,'크리스 윈터 외','8f070ig9@gmail.com'),(171,'유월','dvvgl56n@gmail.com'),(172,'칼 요한 포셴 엘린','fgr0vhz0@daum.net'),(173,'최강욱 외','kyv9cfaw@bookhub.kr'),(174,'앨런 라이트먼','w8v78wh7@daum.net'),(175,'오건영','3t6r915l@gmail.com'),(176,'이주윤','uv9ax61n@bookhub.kr'),(177,'조수용','6u5isy6o@bookhub.kr'),(178,'지텔프(G-TELP) 영어연구소','0mjnvwuu@daum.net'),(179,'삼성출판사 편집부','rk0ca066@daum.net'),(180,'우애령','8r2gxs5a@gmail.com'),(181,'재레드 다이아몬드','9fb3c1cr@gmail.com'),(182,'후지이 아사리','ahyn451c@naver.com'),(183,'이영서','z5x7t0hn@bookhub.kr'),(184,'靑幻舍第二編集室／編集 和田三造／[編]','504e1u5a@naver.com'),(185,'하정우 외','x9emza1f@daum.net'),(186,'이다랑','poxvruvr@naver.com'),(187,'도올 김용옥','jxqjqr2w@daum.net'),(188,'매일성경 편집부','ucfu4qg9@naver.com'),(189,'박종경','8nsi7goh@gmail.com'),(190,'정','5lzd95g5@daum.net'),(191,'타츠키 료','vr4be5ug@bookhub.kr'),(192,'알랭 드 보통','jp0yb7y3@gmail.com'),(193,'로버트 기요사키','p4xlurvi@daum.net'),(194,'김상현','fx7yuv0j@naver.com'),(195,'은소홀','gvr9mluw@gmail.com'),(196,'홍태성 외','1bmfcac4@gmail.com'),(197,'홍춘욱','5htvms9y@bookhub.kr'),(198,'정재호(부자아빠)','332a55l5@gmail.com'),(199,'김기용','k2itw77g@bookhub.kr'),(200,'엘바쌤(송연수)','rmi9fdhr@bookhub.kr'),(201,'대니얼 J. 시겔 외','xmjkrkzt@daum.net'),(202,'장바티스트 앙드레아','ylzimryh@bookhub.kr'),(203,'김주환','jctp4aiq@gmail.com'),(204,'해커스 JLPT연구소','ec0irmh9@bookhub.kr'),(205,'고선경','w29jv16t@naver.com'),(206,'해커스어학연구소 편집부','6kldjx6h@bookhub.kr'),(207,'김신지','k1ph0rt0@bookhub.kr'),(208,'강용수','4h93y7a8@daum.net'),(209,'앤절라 더크워스','435ho7k5@gmail.com'),(210,'로리(김준희)','jxtffagg@gmail.com'),(211,'이치우 외','3x3mmf8u@naver.com'),(212,'정선근','h2refphj@daum.net'),(213,'천선란','4wyu9bx5@daum.net'),(214,'밀란 쿤데라','0jeu6rom@gmail.com'),(215,'로버트 해그스트롬 외','njvmerv0@daum.net'),(216,'사이먼 시넥','sixo7cpq@naver.com'),(218,'author11','author!@naver.com'),(220,'author4','author4@naver.com'),(221,'author20','author20@naver.com'),(222,'author21','author21@naver.com'),(223,'author22','author22@naver.com'),(224,'author23','author23@naver.com'),(225,'author24','author24@naver.com'),(226,'author25','author25@naver.com'),(227,'author26','author26@naver.com');
/*!40000 ALTER TABLE `authors` ENABLE KEYS */;
UNLOCK TABLES;

--
-- Table structure for table `book_categories`
--

DROP TABLE IF EXISTS `book_categories`;
/*!40101 SET @saved_cs_client     = @@character_set_client */;
/*!50503 SET character_set_client = utf8mb4 */;
CREATE TABLE `book_categories` (
  `category_id` bigint NOT NULL AUTO_INCREMENT,
  `category_type` varchar(255) COLLATE utf8mb4_unicode_ci NOT NULL,
  `category_level` int NOT NULL DEFAULT '1',
  `parent_category_id` bigint DEFAULT NULL,
  `category_name` varchar(255) COLLATE utf8mb4_unicode_ci NOT NULL,
  `category_order` int DEFAULT '1',
  `is_active` tinyint(1) DEFAULT '1',
  `discount_policy_id` bigint DEFAULT NULL,
  PRIMARY KEY (`category_id`),
  KEY `parent_category_id` (`parent_category_id`),
  KEY `discount_policy_id` (`discount_policy_id`),
  CONSTRAINT `book_categories_ibfk_1` FOREIGN KEY (`parent_category_id`) REFERENCES `book_categories` (`category_id`) ON DELETE CASCADE,
  CONSTRAINT `book_categories_ibfk_2` FOREIGN KEY (`discount_policy_id`) REFERENCES `discount_policies` (`policy_id`) ON DELETE CASCADE,
  CONSTRAINT `chk_category_type` CHECK ((`category_type` in (_utf8mb4'DOMESTIC',_utf8mb4'FOREIGN')))
) ENGINE=InnoDB AUTO_INCREMENT=296 DEFAULT CHARSET=utf8mb4 COLLATE=utf8mb4_unicode_ci;
/*!40101 SET character_set_client = @saved_cs_client */;

--
-- Dumping data for table `book_categories`
--

LOCK TABLES `book_categories` WRITE;
/*!40000 ALTER TABLE `book_categories` DISABLE KEYS */;
INSERT INTO `book_categories` VALUES (1,'DOMESTIC',1,NULL,'소설',1,1,4),(2,'DOMESTIC',2,1,'한국소설',2,1,4),(3,'DOMESTIC',2,1,'번역소설',3,1,NULL),(4,'DOMESTIC',2,1,'추리/스릴러',4,1,NULL),(5,'DOMESTIC',2,1,'SF/판타지',5,1,NULL),(6,'DOMESTIC',2,1,'로맨스',6,1,NULL),(7,'DOMESTIC',2,1,'무협',7,1,NULL),(8,'DOMESTIC',2,1,'고전소설',8,1,NULL),(9,'DOMESTIC',2,1,'문학상 수상작',9,1,NULL),(10,'DOMESTIC',1,NULL,'시/에세이',10,1,NULL),(11,'DOMESTIC',2,10,'한국시',0,1,NULL),(12,'DOMESTIC',2,10,'해외시',0,1,NULL),(13,'DOMESTIC',2,10,'테마에세이',0,1,4),(14,'DOMESTIC',2,10,'인물/자전적 에세이',14,1,1),(15,'DOMESTIC',2,10,'청소년 시/에세이',15,1,NULL),(16,'DOMESTIC',1,10,'인문',16,1,NULL),(17,'DOMESTIC',2,10,'인문학일반',0,1,4),(18,'DOMESTIC',2,16,'심리학',18,1,NULL),(19,'DOMESTIC',2,16,'교육학',19,1,NULL),(20,'DOMESTIC',2,16,'철학',20,1,NULL),(21,'DOMESTIC',2,16,'언어학',21,1,NULL),(22,'DOMESTIC',2,16,'독서/글쓰기',22,1,NULL),(23,'DOMESTIC',1,NULL,'가정/육아',23,1,NULL),(24,'DOMESTIC',2,23,'육아',24,1,NULL),(25,'DOMESTIC',2,23,'임신/출산',25,1,NULL),(26,'DOMESTIC',2,23,'결혼/가정',26,1,NULL),(27,'DOMESTIC',2,23,'자녀교육',27,1,NULL),(28,'DOMESTIC',2,23,'가사',28,1,NULL),(29,'DOMESTIC',2,23,'생활지혜',29,1,NULL),(30,'DOMESTIC',2,23,'홈인테리어',30,1,NULL),(31,'DOMESTIC',1,NULL,'요리',31,1,NULL),(32,'DOMESTIC',2,31,'요리 일반',32,1,NULL),(33,'DOMESTIC',2,31,'베이킹/간식',33,1,NULL),(34,'DOMESTIC',2,31,'생활요리',34,1,NULL),(35,'DOMESTIC',2,31,'나라별 요리',35,1,NULL),(36,'DOMESTIC',2,31,'전문요리',36,1,NULL),(37,'DOMESTIC',2,31,'와인/커피/음료',37,1,NULL),(38,'DOMESTIC',2,31,'요리수험서',38,1,NULL),(39,'DOMESTIC',1,NULL,'건강',39,1,NULL),(40,'DOMESTIC',2,39,'건강일반',40,1,NULL),(41,'DOMESTIC',2,39,'한방치료',41,1,NULL),(42,'DOMESTIC',2,39,'건강식사',42,1,NULL),(43,'DOMESTIC',2,39,'질병/예방',43,1,NULL),(44,'DOMESTIC',2,39,'다이어트',44,1,NULL),(45,'DOMESTIC',2,39,'운동/트레이닝',45,1,NULL),(46,'DOMESTIC',1,NULL,'취미/일반/스포츠',46,1,NULL),(47,'DOMESTIC',2,46,'가정원예/DIY',47,1,NULL),(48,'DOMESTIC',2,46,'홈인테리어/수납',48,1,NULL),(49,'DOMESTIC',2,46,'생활공예/DIY',49,1,NULL),(50,'DOMESTIC',2,46,'반려동물',50,1,NULL),(51,'DOMESTIC',2,46,'스포츠/레저',51,1,NULL),(52,'DOMESTIC',2,46,'무술',52,1,NULL),(53,'DOMESTIC',2,46,'퀴즈/퍼즐/스도쿠',53,1,NULL),(54,'DOMESTIC',2,46,'체육/무용',54,1,NULL),(55,'DOMESTIC',2,46,'취미일반',55,1,NULL),(56,'DOMESTIC',1,NULL,'경제/경영',56,1,NULL),(57,'DOMESTIC',2,56,'경영일반',57,1,NULL),(58,'DOMESTIC',2,56,'경영이론/전략',58,1,NULL),(59,'DOMESTIC',2,56,'경제일반',59,1,NULL),(60,'DOMESTIC',2,56,'경제실무',60,1,NULL),(61,'DOMESTIC',2,56,'회계/세무',61,1,NULL),(62,'DOMESTIC',2,56,'마케팅/광고',62,1,NULL),(63,'DOMESTIC',2,56,'유통/창업',63,1,NULL),(64,'DOMESTIC',2,56,'무역/운송',64,1,NULL),(65,'DOMESTIC',1,NULL,'재태크/금융',65,1,NULL),(66,'DOMESTIC',2,65,'주식/증권',66,1,NULL),(67,'DOMESTIC',2,65,'부동산',67,1,NULL),(68,'DOMESTIC',2,65,'자산운용',68,1,NULL),(69,'DOMESTIC',2,65,'은퇴계획',69,1,NULL),(70,'DOMESTIC',2,65,'가상자산(비트코인/이더리움)',70,1,NULL),(71,'DOMESTIC',2,65,'NFT/디지털자산',71,1,NULL),(72,'DOMESTIC',2,65,'파생상품/선물거래',72,1,NULL),(73,'DOMESTIC',2,65,'AI 투자/로보어드바이저',73,1,NULL),(74,'DOMESTIC',2,65,'실전 투자 전략',74,1,NULL),(75,'DOMESTIC',1,NULL,'자기계발',75,1,NULL),(76,'DOMESTIC',2,75,'성공/처세',76,1,NULL),(77,'DOMESTIC',2,75,'자기관리/능력계발',77,1,NULL),(78,'DOMESTIC',2,75,'비즈니스 능력계발',78,1,NULL),(79,'DOMESTIC',2,75,'인간관계',79,1,NULL),(80,'DOMESTIC',2,75,'화술/협상',80,1,NULL),(81,'DOMESTIC',2,75,'청소년 자기계발',81,1,NULL),(82,'DOMESTIC',1,NULL,'정치/사회',82,1,NULL),(83,'DOMESTIC',2,82,'정치/외교',83,1,NULL),(84,'DOMESTIC',2,82,'행정/정책',84,1,NULL),(85,'DOMESTIC',2,82,'국방/군사',85,1,NULL),(86,'DOMESTIC',2,82,'법학',86,1,NULL),(87,'DOMESTIC',2,82,'사회학',87,1,NULL),(88,'DOMESTIC',2,82,'사회문제/복지',88,1,NULL),(89,'DOMESTIC',2,82,'언론/미디어',89,1,NULL),(90,'DOMESTIC',1,NULL,'역사/문화',90,1,NULL),(91,'DOMESTIC',2,90,'역사일반',91,1,NULL),(92,'DOMESTIC',2,90,'한국사',92,1,NULL),(93,'DOMESTIC',2,90,'동양사',93,1,NULL),(94,'DOMESTIC',2,90,'서양사',94,1,NULL),(95,'DOMESTIC',2,90,'세계사',95,1,NULL),(96,'DOMESTIC',2,90,'문화사',96,1,NULL),(97,'DOMESTIC',2,90,'역사인물',97,1,NULL),(98,'DOMESTIC',2,90,'신화/민속/전통',98,1,NULL),(99,'DOMESTIC',2,90,'문화이론',99,1,NULL),(100,'DOMESTIC',1,NULL,'종교',100,1,NULL),(101,'DOMESTIC',2,100,'종교일반',101,1,NULL),(102,'DOMESTIC',2,100,'기독교/개신교',102,1,NULL),(103,'DOMESTIC',2,100,'가톨릭/천주교교',103,1,NULL),(104,'DOMESTIC',2,100,'불교',104,1,NULL),(105,'DOMESTIC',2,100,'그외종교',105,1,NULL),(106,'DOMESTIC',1,NULL,'예술/대중문화',106,1,NULL),(107,'DOMESTIC',2,106,'예술일반',107,1,NULL),(108,'DOMESTIC',2,106,'미술/디자인',108,1,NULL),(109,'DOMESTIC',2,106,'만화/애니메이션',109,1,NULL),(110,'DOMESTIC',2,106,'음악',110,1,NULL),(111,'DOMESTIC',2,106,'영화/드라마',111,1,NULL),(112,'DOMESTIC',2,106,'사진/영상',112,1,NULL),(113,'DOMESTIC',2,106,'패션/의류',113,1,NULL),(114,'DOMESTIC',2,106,'연극/뮤지컬',114,1,NULL),(115,'DOMESTIC',1,NULL,'외국어',115,1,NULL),(116,'DOMESTIC',2,115,'영어일반',116,1,NULL),(117,'DOMESTIC',2,115,'영어회화/청취',117,1,NULL),(118,'DOMESTIC',2,115,'영어문법/독해/작문',118,1,NULL),(119,'DOMESTIC',2,115,'수험영어',119,1,NULL),(120,'DOMESTIC',2,115,'비즈니스영어',120,1,NULL),(121,'DOMESTIC',2,115,'어린이영어',121,1,NULL),(122,'DOMESTIC',2,115,'일본어일반',122,1,NULL),(123,'DOMESTIC',2,115,'일본어회화',123,1,NULL),(124,'DOMESTIC',2,115,'일본어능력시험JPT',124,1,NULL),(125,'DOMESTIC',2,115,'중국어일반',125,1,NULL),(126,'DOMESTIC',2,115,'중국어회화',126,1,NULL),(127,'DOMESTIC',2,115,'중국어시험',127,1,NULL),(128,'DOMESTIC',2,115,'기타',128,1,NULL),(129,'DOMESTIC',2,115,'번역/통역',129,1,NULL),(130,'DOMESTIC',1,NULL,'과학',130,1,NULL),(131,'DOMESTIC',2,130,'교양과학',131,1,NULL),(132,'DOMESTIC',2,130,'과학이론',132,1,NULL),(133,'DOMESTIC',2,130,'수학',133,1,NULL),(134,'DOMESTIC',2,130,'물리학',134,1,NULL),(135,'DOMESTIC',2,130,'화학',135,1,NULL),(136,'DOMESTIC',2,130,'생물학',136,1,NULL),(137,'DOMESTIC',2,130,'지구과학',137,1,NULL),(138,'DOMESTIC',2,130,'천문학',138,1,NULL),(139,'DOMESTIC',2,130,'청소년 교양과학',139,1,NULL),(140,'DOMESTIC',1,NULL,'취업/수험서',140,1,NULL),(141,'DOMESTIC',2,140,'취업일반',141,1,NULL),(142,'DOMESTIC',2,140,'공무원',142,1,NULL),(143,'DOMESTIC',2,140,'인적성 검사/직무능력',143,1,NULL),(144,'DOMESTIC',2,140,'공인중개사',144,1,NULL),(145,'DOMESTIC',2,140,'주택관리사',145,1,NULL),(146,'DOMESTIC',2,140,'한국사능력검정정시험',146,1,NULL),(147,'DOMESTIC',2,140,'국가자격증',147,1,NULL),(148,'DOMESTIC',2,140,'금융/회계 자격증',148,1,NULL),(149,'DOMESTIC',2,140,'편입/독학사',149,1,NULL),(150,'DOMESTIC',2,140,'한자능력시험',150,1,NULL),(151,'DOMESTIC',1,NULL,'여행',151,1,NULL),(152,'DOMESTIC',2,151,'국내여행',152,1,NULL),(153,'DOMESTIC',2,151,'해외여행',153,1,NULL),(154,'DOMESTIC',2,151,'여행에세이',154,1,NULL),(155,'DOMESTIC',2,151,'테마여행',155,1,NULL),(156,'DOMESTIC',2,151,'인기지역',156,1,NULL),(157,'DOMESTIC',2,151,'지도',157,1,NULL),(158,'DOMESTIC',1,NULL,'컴퓨터/IT',158,1,NULL),(159,'DOMESTIC',2,158,'컴퓨터입문/활용',159,1,NULL),(160,'DOMESTIC',2,158,'IT일반',160,1,NULL),(161,'DOMESTIC',2,158,'컴퓨터공학',161,1,NULL),(162,'DOMESTIC',2,158,'OS (운영체제)',162,1,NULL),(163,'DOMESTIC',2,158,'네트워크',163,1,NULL),(164,'DOMESTIC',2,158,'보안/해킹',164,1,NULL),(165,'DOMESTIC',2,158,'데이터베이스',165,1,NULL),(166,'DOMESTIC',2,158,'프로그래밍 언어',166,1,NULL),(167,'DOMESTIC',2,158,'웹프로그래밍',167,1,NULL),(168,'DOMESTIC',2,158,'모바일프로그래밍',168,1,NULL),(169,'DOMESTIC',2,158,'게임 개발',169,1,NULL),(170,'DOMESTIC',2,158,'그래픽/멀티미디어',170,1,NULL),(171,'DOMESTIC',2,158,'CAD',171,1,NULL),(172,'DOMESTIC',2,158,'OA/사무자동화',172,1,NULL),(173,'DOMESTIC',2,158,'자격증/수험서',173,1,NULL),(174,'DOMESTIC',1,NULL,'잡지',174,1,NULL),(175,'DOMESTIC',2,174,'패션/라이프스타일일',175,1,NULL),(176,'DOMESTIC',2,174,'인문/사회',176,1,NULL),(177,'DOMESTIC',2,174,'자연/과학/공학',177,1,NULL),(178,'DOMESTIC',2,174,'문학/교양',178,1,NULL),(179,'DOMESTIC',2,174,'어학/교육',179,1,NULL),(180,'DOMESTIC',2,174,'예술/대중문화',180,1,NULL),(181,'DOMESTIC',2,174,'취미/레포츠',181,1,NULL),(182,'DOMESTIC',2,174,'컴퓨터/게임',182,1,NULL),(183,'DOMESTIC',2,174,'외국 잡지',183,1,NULL),(184,'DOMESTIC',2,174,'주간지/월간지/계간지',184,1,NULL),(185,'DOMESTIC',1,NULL,'참고서',185,1,NULL),(186,'DOMESTIC',2,185,'국어',186,1,NULL),(187,'DOMESTIC',2,185,'수학',187,1,NULL),(188,'DOMESTIC',2,185,'영어',188,1,NULL),(189,'DOMESTIC',2,185,'사회',189,1,NULL),(190,'DOMESTIC',2,185,'역사',190,1,NULL),(191,'DOMESTIC',2,185,'과학',191,1,NULL),(192,'DOMESTIC',2,185,'통합논술',192,1,NULL),(193,'DOMESTIC',2,185,'수능 대비',193,1,NULL),(194,'DOMESTIC',2,185,'수시 대비',194,1,NULL),(195,'DOMESTIC',2,185,'한국사/세계사',195,1,NULL),(196,'DOMESTIC',2,185,'기타',196,1,NULL),(197,'DOMESTIC',1,NULL,'만화',197,1,NULL),(198,'DOMESTIC',2,197,'교양만화',198,1,NULL),(199,'DOMESTIC',2,197,'역사만화',199,1,NULL),(200,'DOMESTIC',2,197,'직업만화',200,1,NULL),(201,'DOMESTIC',2,197,'일상/드라마/가족만화',201,1,NULL),(202,'DOMESTIC',2,197,'동물만화',202,1,NULL),(203,'DOMESTIC',2,197,'요리만화',203,1,NULL),(204,'DOMESTIC',2,197,'성인만화',204,1,NULL),(205,'DOMESTIC',2,197,'BL',205,1,NULL),(206,'DOMESTIC',2,197,'로맨스만화',206,1,NULL),(207,'DOMESTIC',2,197,'스포츠만화',207,1,NULL),(208,'DOMESTIC',2,197,'SF/판타지만화',208,1,NULL),(209,'DOMESTIC',2,197,'액션/무협만화',209,1,NULL),(210,'DOMESTIC',2,197,'코믹만화',210,1,NULL),(211,'DOMESTIC',2,197,'탐정/추리만화',211,1,NULL),(212,'DOMESTIC',2,197,'공포/스릴러만화',212,1,NULL),(213,'DOMESTIC',2,197,'학원물',213,1,NULL),(214,'DOMESTIC',2,197,'웹툰/카툰에세이',214,1,NULL),(215,'DOMESTIC',2,197,'일러스트/작법서',215,1,NULL),(216,'DOMESTIC',2,197,'기타만화',216,1,NULL),(217,'DOMESTIC',2,197,'만화잡지지',217,1,NULL),(218,'FOREIGN',1,NULL,'원서 소설',218,1,NULL),(219,'FOREIGN',2,218,'영미소설',219,1,NULL),(220,'FOREIGN',2,218,'일본소설',220,1,NULL),(221,'FOREIGN',2,218,'중국소설',221,1,NULL),(222,'FOREIGN',2,218,'프랑스소설',222,1,NULL),(223,'FOREIGN',2,218,'고전문학',223,1,NULL),(224,'FOREIGN',2,218,'추리/스릴러',224,1,NULL),(225,'FOREIGN',2,218,'SF/판타지',225,1,NULL),(226,'FOREIGN',2,218,'로맨스',226,1,NULL),(227,'FOREIGN',2,218,'문학상 수상작',227,1,NULL),(228,'FOREIGN',1,NULL,'원서 에세이',228,1,NULL),(229,'FOREIGN',2,228,'여행에세이',229,1,NULL),(230,'FOREIGN',2,228,'감성에세이',230,1,NULL),(231,'FOREIGN',2,228,'사회비평 에세이',231,1,NULL),(232,'FOREIGN',2,228,'명사에세이',232,1,NULL),(233,'FOREIGN',2,228,'환경/자연',233,1,NULL),(234,'FOREIGN',1,NULL,'원서 인문/사회/정치',234,1,NULL),(235,'FOREIGN',2,234,'철학',235,1,NULL),(236,'FOREIGN',2,234,'심리학',236,1,NULL),(237,'FOREIGN',2,234,'문화비평',237,1,NULL),(238,'FOREIGN',2,234,'언어학',238,1,NULL),(239,'FOREIGN',2,234,'정치철학',239,1,NULL),(240,'FOREIGN',2,234,'국제관계',240,1,NULL),(241,'FOREIGN',2,234,'사회문제',241,1,NULL),(242,'FOREIGN',2,234,'인권/다양성',242,1,NULL),(243,'FOREIGN',1,NULL,'원서 경제/비즈니스/자기계발',243,1,NULL),(244,'FOREIGN',2,243,'경영 전략',244,1,NULL),(245,'FOREIGN',2,243,'재테크/투자',245,1,NULL),(246,'FOREIGN',2,243,'마케팅/브랜딩',246,1,NULL),(247,'FOREIGN',2,243,'리더십/조직관리',247,1,NULL),(248,'FOREIGN',2,243,'시간관리',248,1,NULL),(249,'FOREIGN',2,243,'동기부여',249,1,NULL),(250,'FOREIGN',2,243,'성공습관',250,1,NULL),(251,'FOREIGN',1,NULL,'원서 과학/공학',251,1,NULL),(252,'FOREIGN',2,251,'컴퓨터공학',252,1,NULL),(253,'FOREIGN',2,251,'전기전자',253,1,NULL),(254,'FOREIGN',2,251,'기계공학',254,1,NULL),(255,'FOREIGN',2,251,'화학공학',255,1,NULL),(256,'FOREIGN',2,251,'물리/수학',256,1,NULL),(257,'FOREIGN',2,251,'의학',257,1,NULL),(258,'FOREIGN',2,251,'생명과학',258,1,NULL),(259,'FOREIGN',1,NULL,'원서 취미/건강/요리',259,1,NULL),(260,'FOREIGN',2,259,'DIY/공예',260,1,NULL),(261,'FOREIGN',2,259,'사진/여행',261,1,NULL),(262,'FOREIGN',2,259,'건강관리',262,1,NULL),(263,'FOREIGN',2,259,'영양/식단',263,1,NULL),(264,'FOREIGN',2,259,'명상/요가',264,1,NULL),(265,'FOREIGN',2,259,'세계요리',265,1,NULL),(266,'FOREIGN',2,259,'디저트/베이킹',266,1,NULL),(267,'FOREIGN',1,NULL,'외국 잡지',267,1,NULL),(268,'FOREIGN',2,267,'Time',268,1,NULL),(269,'FOREIGN',2,267,'The Economist',269,1,NULL),(270,'FOREIGN',2,267,'National Geographic',270,1,NULL),(271,'FOREIGN',2,267,'Vogue',271,1,NULL),(272,'FOREIGN',1,NULL,'해외 전공서적',272,1,NULL),(273,'FOREIGN',2,272,'경영학',273,1,NULL),(274,'FOREIGN',2,272,'의학',274,1,NULL),(275,'FOREIGN',2,272,'생명과학',275,1,NULL),(276,'FOREIGN',2,272,'수학',276,1,NULL),(277,'FOREIGN',2,272,'공학 일반',277,1,NULL),(278,'DOMESTIC',0,NULL,'카테고리1',0,1,4),(279,'DOMESTIC',0,NULL,'카테고리1-1',0,0,NULL),(280,'DOMESTIC',2,1,'소설-1',0,1,NULL),(281,'DOMESTIC',1,NULL,'카테고리1',0,1,NULL),(282,'DOMESTIC',2,281,'카테고리1-1',0,1,NULL),(283,'DOMESTIC',1,NULL,'카테고리1',0,1,NULL),(284,'DOMESTIC',2,281,'카테고리1-1',0,1,NULL),(285,'DOMESTIC',2,281,'카테고리1-1',0,0,NULL),(286,'DOMESTIC',1,NULL,'카테고리2',0,1,NULL),(287,'DOMESTIC',2,286,'카테고리2-2',0,0,NULL),(288,'DOMESTIC',2,278,'카테고리1-2',0,1,NULL),(289,'DOMESTIC',1,NULL,'카테고리3',0,0,NULL),(291,'DOMESTIC',1,NULL,'카테고리4',0,1,NULL),(292,'DOMESTIC',2,291,'카테고리4-5',0,0,3),(293,'DOMESTIC',2,291,'카테고리4-1',0,1,NULL),(294,'DOMESTIC',2,291,'카테고리4-3',0,0,NULL),(295,'DOMESTIC',2,286,'카테고리 2-1',0,1,NULL);
/*!40000 ALTER TABLE `book_categories` ENABLE KEYS */;
UNLOCK TABLES;

--
-- Table structure for table `books`
--

DROP TABLE IF EXISTS `books`;
/*!40101 SET @saved_cs_client     = @@character_set_client */;
/*!50503 SET character_set_client = utf8mb4 */;
CREATE TABLE `books` (
  `book_isbn` varchar(255) COLLATE utf8mb4_unicode_ci NOT NULL,
  `category_id` bigint NOT NULL,
  `author_id` bigint NOT NULL,
  `publisher_id` bigint NOT NULL,
  `book_title` varchar(255) COLLATE utf8mb4_unicode_ci NOT NULL,
  `book_price` int NOT NULL,
  `published_date` date NOT NULL,
  `book_status` varchar(50) COLLATE utf8mb4_unicode_ci NOT NULL,
  `page_count` varchar(255) COLLATE utf8mb4_unicode_ci NOT NULL,
  `language` varchar(255) COLLATE utf8mb4_unicode_ci NOT NULL,
  `description` text COLLATE utf8mb4_unicode_ci,
  `discount_policy_id` bigint DEFAULT NULL,
  `created_at` timestamp NULL DEFAULT CURRENT_TIMESTAMP,
  `updated_at` timestamp NULL DEFAULT CURRENT_TIMESTAMP ON UPDATE CURRENT_TIMESTAMP,
  `cover_image_id` bigint DEFAULT NULL,
  PRIMARY KEY (`book_isbn`),
  KEY `category_id` (`category_id`),
  KEY `author_id` (`author_id`),
  KEY `publisher_id` (`publisher_id`),
  KEY `discount_policy_id` (`discount_policy_id`),
  KEY `fk_books_upload_file` (`cover_image_id`),
  CONSTRAINT `books_ibfk_1` FOREIGN KEY (`category_id`) REFERENCES `book_categories` (`category_id`),
  CONSTRAINT `books_ibfk_2` FOREIGN KEY (`author_id`) REFERENCES `authors` (`author_id`),
  CONSTRAINT `books_ibfk_3` FOREIGN KEY (`publisher_id`) REFERENCES `publishers` (`publisher_id`),
  CONSTRAINT `books_ibfk_4` FOREIGN KEY (`discount_policy_id`) REFERENCES `discount_policies` (`policy_id`),
  CONSTRAINT `fk_books_upload_file` FOREIGN KEY (`cover_image_id`) REFERENCES `upload_files` (`upload_file_id`) ON DELETE SET NULL,
  CONSTRAINT `chk_book_status` CHECK ((`book_status` in (_utf8mb4'ACTIVE',_utf8mb4'INACTIVE',_utf8mb4'HIDDEN')))
) ENGINE=InnoDB DEFAULT CHARSET=utf8mb4 COLLATE=utf8mb4_unicode_ci;
/*!40101 SET character_set_client = @saved_cs_client */;

--
-- Dumping data for table `books`
--

LOCK TABLES `books` WRITE;
/*!40000 ALTER TABLE `books` DISABLE KEYS */;
INSERT INTO `books` VALUES ('3904000536033',174,129,97,'매일성경 개역개정 (본문수록) (2025년 7/8월호)',4500,'2025-06-10','ACTIVE','300','Korean','삶과 사람에 대한 따뜻한 통찰',NULL,'2025-07-08 02:21:34','2025-07-08 02:21:34',NULL),('3904000536101',174,129,97,'매일성경 개역개정 (큰글본문) (2025년 7/8월호)',5000,'2025-06-10','ACTIVE','300','Korean','삶과 사람에 대한 따뜻한 통찰',NULL,'2025-07-08 02:21:34','2025-07-08 02:21:34',NULL),('3904000536163',174,185,97,'청소년 매일성경 (2025년 7/8월호)',4500,'2025-06-10','ACTIVE','300','Korean','청소년을 위한 성장과 공감의 이야기',NULL,'2025-07-08 02:21:34','2025-07-08 02:21:34',NULL),('3904000537269',174,158,118,'생명의 삶 개역개정 (2025년 7월)',5000,'2025-06-11','ACTIVE','300','Korean','삶과 사람에 대한 따뜻한 통찰',NULL,'2025-07-08 02:21:34','2025-07-08 02:21:34',NULL),('3904000537702',174,88,71,'EBS 라디오 이지 잉글리시 Easy English 초급 영어회화 (2025년 7월)',9000,'2025-06-20','ACTIVE','300','Korean','토익 필수 단어와 문제 완벽 정리',NULL,'2025-07-08 02:21:34','2025-07-08 02:21:34',NULL),('3904000537719',174,157,71,'EBS 라디오 파워 잉글리시 Power English 중급 영어회화 (2025년 7월)',9000,'2025-06-20','ACTIVE','300','Korean','토익 필수 단어와 문제 완벽 정리',NULL,'2025-07-08 02:21:34','2025-07-08 02:21:34',NULL),('3904000537726',174,92,71,'EBS 라디오 입이 트이는 영어 (2025년 7월)',12000,'2025-06-20','ACTIVE','300','Korean','삶과 사람에 대한 따뜻한 통찰',NULL,'2025-07-08 02:21:34','2025-07-08 02:21:34',NULL),('3904000537733',174,92,71,'EBS 라디오 귀가 트이는 영어 (2025년 7월)',12000,'2025-06-20','ACTIVE','300','Korean','삶과 사람에 대한 따뜻한 통찰',NULL,'2025-07-08 02:21:34','2025-07-08 02:21:34',NULL),('3904000539515',174,43,36,'우먼센스(2025년 7월호)(A형)',10800,'2025-06-23','ACTIVE','300','Korean','삶과 사람에 대한 따뜻한 통찰',NULL,'2025-07-08 02:21:34','2025-07-08 02:21:34',NULL),('3904000539881',174,165,124,'맥심 MAXIM B형 (2025년 7월)',8900,'2025-06-27','ACTIVE','300','Korean','삶과 사람에 대한 따뜻한 통찰',NULL,'2025-07-08 02:21:34','2025-07-08 02:21:34',NULL),('3904000539973',174,74,61,'키즈몽드(2025년 6월호)',13000,'2025-06-23','ACTIVE','300','Korean','삶과 사람에 대한 따뜻한 통찰',NULL,'2025-07-08 02:21:34','2025-07-08 02:21:34',NULL),('480D250401050',1,3,3,'혼모노',14400,'2025-03-31','ACTIVE','300','Korean',NULL,NULL,'2025-07-08 02:21:34','2025-07-08 02:21:34',NULL),('4910154410852',174,162,121,'스위트 SWEET 2025.08  (태닝 키티 파우치&스티커 3종)',18700,'2015-07-10','ACTIVE','300','Korean',NULL,NULL,'2025-07-08 02:21:34','2025-07-08 02:21:34',NULL),('5210000006383',1,137,48,'[패키지]명화, 시대를 담다 - 예술로 만나는 역사의 위대한 순간들 3부',75000,'2025-06-23','ACTIVE','300','Korean',NULL,NULL,'2025-07-08 02:21:34','2025-07-08 02:21:34',NULL),('8800303080097',1,91,73,'이상비행 [블루 마블 컬러 LP]',57000,'2025-06-13','ACTIVE','300','Korean',NULL,NULL,'2025-07-08 02:21:34','2025-07-08 02:21:34',NULL),('8809457270576',1,59,48,'The Scent of Page : 디퓨저 200ML',58000,'2024-12-06','ACTIVE','300','Korean','삶과 사람에 대한 따뜻한 통찰',NULL,'2025-07-08 02:21:34','2025-07-08 02:21:34',NULL),('8809457270583',1,59,48,'The Scent of Page : 디퓨저 리필액 250ML',28000,'2024-12-06','ACTIVE','300','Korean','삶과 사람에 대한 따뜻한 통찰',NULL,'2025-07-08 02:21:34','2025-07-08 02:21:34',NULL),('8809457270590',1,59,48,'The Scent of Page : 차량용 방향제',42000,'2024-12-06','ACTIVE','300','Korean','삶과 사람에 대한 따뜻한 통찰',NULL,'2025-07-08 02:21:34','2025-07-08 02:21:34',NULL),('8809457270675',1,59,48,'The Scent of Page : 룸스프레이 80ML',30000,'2025-01-24','ACTIVE','300','Korean','삶과 사람에 대한 따뜻한 통찰',NULL,'2025-07-08 02:21:34','2025-07-08 02:21:34',NULL),('9781408726600',1,36,30,'Verity (6월 21일 구매까지는 6월 26일 배송 예정입니다)',19500,'2022-01-20','ACTIVE','300','Korean','삶과 사람에 대한 따뜻한 통찰',NULL,'2025-07-08 02:21:34','2025-07-08 02:21:34',NULL),('9784861522475',1,181,135,'配色事典 大正.昭和の色彩ノ―ト',18720,'2010-07-01','ACTIVE','300','Korean',NULL,NULL,'2025-07-08 02:21:34','2025-07-08 02:21:34',NULL),('9788901294179',56,152,115,'단 3개의 미국 ETF로 은퇴하라',19800,'2025-03-24','ACTIVE','300','Korean','삶과 사람에 대한 따뜻한 통찰',NULL,'2025-07-08 02:21:34','2025-07-08 02:21:34',NULL),('9788901294742',16,8,8,'청춘의 독서(특별증보판)',18900,'2025-04-22','ACTIVE','300','Korean','삶과 사람에 대한 따뜻한 통찰',NULL,'2025-07-08 02:21:34','2025-07-08 02:21:34',NULL),('9788915999008',1,176,132,'임신 출산 육아 대백과(2024-2025)',19500,'2024-07-15','ACTIVE','300','Korean','삶과 사람에 대한 따뜻한 통찰',NULL,'2025-07-08 02:21:34','2025-07-08 02:21:34',NULL),('9788917235944',115,16,14,'토익 단기공략 750+(LC+RC)',18000,'2020-08-20','ACTIVE','300','Korean','토익 필수 단어와 문제 완벽 정리',NULL,'2025-07-08 02:21:34','2025-07-08 02:21:34',NULL),('9788917237481',115,16,14,'ETS 토익기출 파트별 VOCA',13000,'2022-12-23','ACTIVE','300','Korean','토익 필수 단어와 문제 완벽 정리',NULL,'2025-07-08 02:21:34','2025-07-08 02:21:34',NULL),('9788917237955',115,16,14,'ETS 토익 단기공략 850+(LC+RC)',19500,'2022-06-30','ACTIVE','300','Korean','삶과 사람에 대한 따뜻한 통찰',NULL,'2025-07-08 02:21:34','2025-07-08 02:21:34',NULL),('9788917239492',115,16,14,'ETS 토익 정기시험 기출문제집 1000 Vol 4 LC(리스닝)',19800,'2023-12-18','ACTIVE','300','Korean','삶과 사람에 대한 따뜻한 통찰',NULL,'2025-07-08 02:21:34','2025-07-08 02:21:34',NULL),('9788917239508',115,16,14,'ETS 토익 정기시험 기출문제집 1000 Vol 4 RC(리딩)',19800,'2023-12-18','ACTIVE','300','Korean','삶과 사람에 대한 따뜻한 통찰',NULL,'2025-07-08 02:21:34','2025-07-08 02:21:34',NULL),('9788925554990',1,49,40,'스토너',16800,'2015-01-02','ACTIVE','300','Korean','삶과 사람에 대한 따뜻한 통찰',NULL,'2025-07-08 02:21:34','2025-07-08 02:21:34',NULL),('9788927712435',115,208,146,'JLPT(일본어능력시험) 한권으로 끝내기 N3',27000,'2021-10-11','ACTIVE','300','Korean','삶과 사람에 대한 따뜻한 통찰',NULL,'2025-07-08 02:21:34','2025-07-08 02:21:34',NULL),('9788931011623',16,136,103,'사랑의 기술',17000,'2019-09-01','ACTIVE','300','Korean','삶과 사람에 대한 따뜻한 통찰',NULL,'2025-07-08 02:21:34','2025-07-08 02:21:34',NULL),('9788931479300',158,193,140,'2026 이기적 컴퓨터활용능력 2급 필기 기본서',21000,'2025-07-20','ACTIVE','300','Korean','삶과 사람에 대한 따뜻한 통찰',NULL,'2025-07-08 02:21:34','2025-07-08 02:21:34',NULL),('9788932024639',10,12,45,'서랍에 저녁을 넣어 두었다',12000,'2013-11-15','ACTIVE','300','Korean','사람과 삶을 그린 감동적인 이야기',NULL,'2025-07-08 02:21:34','2025-07-08 02:21:34',NULL),('9788932043562',10,12,45,'빛과 실',15000,'2025-04-18','ACTIVE','300','Korean','신진 작가의 독창적 시선을 담은 작품',NULL,'2025-07-08 02:21:34','2025-07-08 02:21:34',NULL),('9788932044057',1,95,45,'소설 보다: 여름 2025',5500,'2025-06-10','ACTIVE','300','Korean','사람과 삶을 그린 감동적인 이야기',NULL,'2025-07-08 02:21:34','2025-07-08 02:21:34',NULL),('9788932473901',130,98,76,'이기적 유전자',20000,'2023-01-30','ACTIVE','300','Korean','삶과 사람에 대한 따뜻한 통찰',NULL,'2025-07-08 02:21:34','2025-07-08 02:21:34',NULL),('9788932475578',130,98,76,'불멸의 유전자',25000,'2025-05-30','ACTIVE','300','Korean','삶과 사람에 대한 따뜻한 통찰',NULL,'2025-07-08 02:21:34','2025-07-08 02:21:34',NULL),('9788932917207',1,109,88,'앵무새 죽이기(리커버판)',15800,'2015-06-30','ACTIVE','300','Korean','삶과 사람에 대한 따뜻한 통찰',NULL,'2025-07-08 02:21:34','2025-07-08 02:21:34',NULL),('9788932924984',1,199,88,'그녀를 지키다',22000,'2025-03-20','ACTIVE','300','Korean','사람과 삶을 그린 감동적인 이야기',NULL,'2025-07-08 02:21:34','2025-07-08 02:21:34',NULL),('9788934942467',90,178,56,'총 균 쇠',29800,'2023-05-11','ACTIVE','300','Korean','삶과 사람에 대한 따뜻한 통찰',NULL,'2025-07-08 02:21:34','2025-07-08 02:21:34',NULL),('9788934972464',16,68,56,'사피엔스',26800,'2023-04-01','ACTIVE','300','Korean','삶과 사람에 대한 따뜻한 통찰',NULL,'2025-07-08 02:21:34','2025-07-08 02:21:34',NULL),('9788936429430',1,130,3,'별에게',16800,'2025-03-25','ACTIVE','300','Korean','감성을 자극하는 따뜻한 이야기',NULL,'2025-07-08 02:21:34','2025-07-08 02:21:34',NULL),('9788936434120',1,12,3,'소년이 온다',15000,'2014-05-19','ACTIVE','300','Korean','사람과 삶을 그린 감동적인 이야기',NULL,'2025-07-08 02:21:34','2025-07-08 02:21:34',NULL),('9788936434595',1,12,3,'채식주의자',17000,'2022-03-28','ACTIVE','300','Korean','사람과 삶을 그린 감동적인 이야기',NULL,'2025-07-08 02:21:34','2025-07-08 02:21:34',NULL),('9788936439651',1,5,3,'대온실 수리 보고서',18000,'2024-10-04','ACTIVE','300','Korean','사람과 삶을 그린 감동적인 이야기',NULL,'2025-07-08 02:21:34','2025-07-08 02:21:34',NULL),('9788936439743',1,3,3,'혼모노',18000,'2025-03-28','ACTIVE','300','Korean','신진 작가의 독창적 시선을 담은 작품',NULL,'2025-07-08 02:21:34','2025-07-08 02:21:34',NULL),('9788937409288',10,113,28,'당신의 세계는 아직도 바다와 빗소리와 작약을 취급하는지',13000,'2023-01-27','ACTIVE','300','Korean','삶과 사람에 대한 따뜻한 통찰',NULL,'2025-07-08 02:21:34','2025-07-08 02:21:34',NULL),('9788937437564',1,211,28,'참을 수 없는 존재의 가벼움',17000,'2018-06-20','ACTIVE','300','Korean','신진 작가의 독창적 시선을 담은 작품',NULL,'2025-07-08 02:21:34','2025-07-08 02:21:34',NULL),('9788937460449',1,110,28,'데미안',8000,'2009-01-20','ACTIVE','300','Korean','사람과 삶을 그린 감동적인 이야기',NULL,'2025-07-08 02:21:34','2025-07-08 02:21:34',NULL),('9788937460586',1,110,28,'싯다르타',8000,'2002-01-20','ACTIVE','300','Korean','삶과 사람에 대한 따뜻한 통찰',NULL,'2025-07-08 02:21:34','2025-07-08 02:21:34',NULL),('9788937473401',1,34,28,'급류',14000,'2022-12-22','ACTIVE','300','Korean','사람과 삶을 그린 감동적인 이야기',NULL,'2025-07-08 02:21:34','2025-07-08 02:21:34',NULL),('9788947547567',56,124,94,'제로 투 원(10주년 기념판)',18000,'2025-04-18','ACTIVE','300','Korean','삶과 사람에 대한 따뜻한 통찰',NULL,'2025-07-08 02:21:34','2025-07-08 02:21:34',NULL),('9788949123493',1,141,106,'순례 주택',15000,'2023-08-24','ACTIVE','300','Korean','사람과 삶을 그린 감동적인 이야기',NULL,'2025-07-08 02:21:34','2025-07-08 02:21:34',NULL),('9788953934283',1,47,39,'서울대 한국어 1A Student\'s Book(멀티eBook)',19800,'2021-03-29','ACTIVE','300','Korean','삶과 사람에 대한 따뜻한 통찰',NULL,'2025-07-08 02:21:34','2025-07-08 02:21:34',NULL),('9788953934290',1,47,39,'서울대 한국어 1B Student\'s Book(멀티eBook)',19800,'2021-04-22','ACTIVE','300','Korean','삶과 사람에 대한 따뜻한 통찰',NULL,'2025-07-08 02:21:34','2025-07-08 02:21:34',NULL),('9788953934306',1,47,39,'서울대 한국어 2A Student\'s Book(멀티eBook)',19800,'2021-05-12','ACTIVE','300','Korean','삶과 사람에 대한 따뜻한 통찰',NULL,'2025-07-08 02:21:34','2025-07-08 02:21:34',NULL),('9788953934313',1,47,39,'서울대 한국어 2B Student\'s Book(멀티eBook)',19800,'2021-05-24','ACTIVE','300','Korean','삶과 사람에 대한 따뜻한 통찰',NULL,'2025-07-08 02:21:34','2025-07-08 02:21:34',NULL),('9788953934320',1,50,39,'서울대 한국어 3A Student\'s Book(멀티eBook)',19800,'2021-06-11','ACTIVE','300','Korean','삶과 사람에 대한 따뜻한 통찰',NULL,'2025-07-08 02:21:34','2025-07-08 02:21:34',NULL),('9788953934337',1,47,39,'서울대 한국어 3B Student\'s Book(멀티eBook)',19800,'2021-06-11','ACTIVE','300','Korean','삶과 사람에 대한 따뜻한 통찰',NULL,'2025-07-08 02:21:34','2025-07-08 02:21:34',NULL),('9788953934344',1,47,39,'서울대 한국어 4A Student\'s Book(멀티eBook)',19800,'2021-06-24','ACTIVE','300','Korean','삶과 사람에 대한 따뜻한 통찰',NULL,'2025-07-08 02:21:34','2025-07-08 02:21:34',NULL),('9788953934351',1,47,39,'서울대 한국어 4B Student\'s Book(멀티eBook)',19800,'2021-06-24','ACTIVE','300','Korean','삶과 사람에 대한 따뜻한 통찰',NULL,'2025-07-08 02:21:34','2025-07-08 02:21:34',NULL),('9788953934368',1,47,39,'서울대 한국어 5A Student\'s book',19800,'2021-07-27','ACTIVE','300','Korean','삶과 사람에 대한 따뜻한 통찰',NULL,'2025-07-08 02:21:34','2025-07-08 02:21:34',NULL),('9788953934405',1,47,39,'서울대 한국어 1A Workbook(멀티eBook)',12600,'2021-04-22','ACTIVE','300','Korean','삶과 사람에 대한 따뜻한 통찰',NULL,'2025-07-08 02:21:34','2025-07-08 02:21:34',NULL),('9788953934412',1,47,39,'서울대 한국어 1B Workbook(멀티eBook)',12600,'2021-04-26','ACTIVE','300','Korean','삶과 사람에 대한 따뜻한 통찰',NULL,'2025-07-08 02:21:34','2025-07-08 02:21:34',NULL),('9788953934429',1,47,39,'서울대 한국어 2A Workbook(멀티eBook)',12600,'2021-05-12','ACTIVE','300','Korean','삶과 사람에 대한 따뜻한 통찰',NULL,'2025-07-08 02:21:34','2025-07-08 02:21:34',NULL),('9788953934436',1,47,39,'서울대 한국어 2B Workbook(멀티eBook)',12600,'2021-05-24','ACTIVE','300','Korean','삶과 사람에 대한 따뜻한 통찰',NULL,'2025-07-08 02:21:34','2025-07-08 02:21:34',NULL),('9788953934443',1,50,39,'서울대 한국어 3A Workbook',12600,'2021-06-11','ACTIVE','300','Korean','삶과 사람에 대한 따뜻한 통찰',NULL,'2025-07-08 02:21:34','2025-07-08 02:21:34',NULL),('9788953934450',1,47,39,'서울대 한국어 3B Workbook',12600,'2021-06-11','ACTIVE','300','Korean','삶과 사람에 대한 따뜻한 통찰',NULL,'2025-07-08 02:21:34','2025-07-08 02:21:34',NULL),('9788953934467',1,47,39,'서울대 한국어 4A Workbook(멀티eBook)',12600,'2021-06-24','ACTIVE','300','Korean','삶과 사람에 대한 따뜻한 통찰',NULL,'2025-07-08 02:21:34','2025-07-08 02:21:34',NULL),('9788953934474',1,47,39,'서울대 한국어 4B Workbook(멀티eBook)',12600,'2021-06-24','ACTIVE','300','Korean','삶과 사람에 대한 따뜻한 통찰',NULL,'2025-07-08 02:21:34','2025-07-08 02:21:34',NULL),('9788953934481',1,47,39,'서울대 한국어 5A Workbook',10800,'2021-07-27','ACTIVE','300','Korean','삶과 사람에 대한 따뜻한 통찰',NULL,'2025-07-08 02:21:34','2025-07-08 02:21:34',NULL),('9788954607346',1,180,10,'책과 노니는 집',12500,'2022-04-29','ACTIVE','300','Korean','사람과 삶을 그린 감동적인 이야기',NULL,'2025-07-08 02:21:34','2025-07-08 02:21:34',NULL),('9788954674638',1,192,10,'5번 레인',12500,'2020-09-14','ACTIVE','300','Korean','삶과 사람에 대한 따뜻한 통찰',NULL,'2025-07-08 02:21:34','2025-07-08 02:21:34',NULL),('9788954677158',1,142,10,'긴긴밤',12500,'2021-02-03','ACTIVE','300','Korean','삶과 사람에 대한 따뜻한 통찰',NULL,'2025-07-08 02:21:34','2025-07-08 02:21:34',NULL),('9788954681155',1,104,83,'홍학의 자리',14000,'2021-07-26','ACTIVE','300','Korean','신진 작가의 독창적 시선을 담은 작품',NULL,'2025-07-08 02:21:34','2025-07-08 02:21:34',NULL),('9788954682152',1,12,10,'작별하지 않는다',16800,'2021-09-09','ACTIVE','300','Korean','사람과 삶을 그린 감동적인 이야기',NULL,'2025-07-08 02:21:34','2025-07-08 02:21:34',NULL),('9788954694575',1,154,10,'여름을 한 입 베어 물었더니',12500,'2023-08-18','ACTIVE','300','Korean','삶과 사람에 대한 따뜻한 통찰',NULL,'2025-07-08 02:21:34','2025-07-08 02:21:34',NULL),('9788957365793',56,105,84,'자본주의',22000,'2013-09-27','ACTIVE','300','Korean','삶과 사람에 대한 따뜻한 통찰',NULL,'2025-07-08 02:21:34','2025-07-08 02:21:34',NULL),('9788960909342',10,117,91,'탁월하게 서글픈 자의식',17000,'2025-06-20','ACTIVE','300','Korean','삶과 사람에 대한 따뜻한 통찰',NULL,'2025-07-08 02:21:34','2025-07-08 02:21:34',NULL),('9788962805581',56,80,108,'수급단타왕 수급매매 절대비기',25000,'2016-02-22','ACTIVE','300','Korean','삶과 사람에 대한 따뜻한 통찰',NULL,'2025-07-08 02:21:34','2025-07-08 02:21:34',NULL),('9788965421030',115,4,4,'해커스 보카(Hackers Vocabulary)',16900,'2025-04-07','ACTIVE','300','Korean','토익 필수 단어와 문제 완벽 정리',NULL,'2025-07-08 02:21:34','2025-07-08 02:21:34',NULL),('9788965422327',115,87,4,'해커스 아이엘츠 라이팅(Hackers IELTS Writing)',24900,'2024-08-12','ACTIVE','300','Korean','삶과 사람에 대한 따뜻한 통찰',NULL,'2025-07-08 02:21:34','2025-07-08 02:21:34',NULL),('9788965422426',115,87,4,'해커스 아이엘츠 리딩 베이직(Hackers IELTS Reading Basic)',20900,'2024-01-08','ACTIVE','300','Korean','삶과 사람에 대한 따뜻한 통찰',NULL,'2025-07-08 02:21:34','2025-07-08 02:21:34',NULL),('9788965422433',115,203,4,'해커스 아이엘츠 리스닝 베이직(Hackers IELTS Listening Basic)',20900,'2024-06-10','ACTIVE','300','Korean','삶과 사람에 대한 따뜻한 통찰',NULL,'2025-07-08 02:21:34','2025-07-08 02:21:34',NULL),('9788965422440',115,87,4,'해커스 아이엘츠 라이팅 베이직(Hackers IELTS Writing Basic)',22900,'2024-02-05','ACTIVE','300','Korean','삶과 사람에 대한 따뜻한 통찰',NULL,'2025-07-08 02:21:34','2025-07-08 02:21:34',NULL),('9788965422501',115,14,4,'해커스 아이엘츠 스피킹 베이직(Hackers IELTS Speaking Basic)',22900,'2024-06-10','ACTIVE','300','Korean','삶과 사람에 대한 따뜻한 통찰',NULL,'2025-07-08 02:21:34','2025-07-08 02:21:34',NULL),('9788965422518',115,4,4,'해커스 텝스 리딩(TEPS Reading)',22900,'2024-08-12','ACTIVE','300','Korean','삶과 사람에 대한 따뜻한 통찰',NULL,'2025-07-08 02:21:34','2025-07-08 02:21:34',NULL),('9788965422525',115,4,4,'해커스 텝스 리스닝 (TEPS Listening)',24900,'2024-06-14','ACTIVE','300','Korean','삶과 사람에 대한 따뜻한 통찰',NULL,'2025-07-08 02:21:34','2025-07-08 02:21:34',NULL),('9788965422785',115,4,4,'해커스 토익 기출 VOCA(보카)',12900,'2024-08-19','ACTIVE','300','Korean','토익 필수 단어와 문제 완벽 정리',NULL,'2025-07-08 02:21:34','2025-07-08 02:21:34',NULL),('9788965422921',115,4,4,'그래머 게이트웨이 베이직: 초보를 위한 기초 영문법(Grammar Gateway Basic)',14900,'2023-02-06','ACTIVE','300','Korean','삶과 사람에 대한 따뜻한 통찰',NULL,'2025-07-08 02:21:34','2025-07-08 02:21:34',NULL),('9788965423294',115,87,4,'해커스 토익 왕기초 LC Listening (리스닝)',13900,'2024-09-09','ACTIVE','300','Korean','토익 필수 단어와 문제 완벽 정리',NULL,'2025-07-08 02:21:34','2025-07-08 02:21:34',NULL),('9788965423300',115,14,4,'해커스 토익 왕기초 RC Reading (리딩)',13900,'2024-09-09','ACTIVE','300','Korean','토익 필수 단어와 문제 완벽 정리',NULL,'2025-07-08 02:21:34','2025-07-08 02:21:34',NULL),('9788965423379',115,4,4,'해커스 토익 스타트 RC Reading (리딩) 입문서',14900,'2025-04-07','ACTIVE','300','Korean','토익 필수 단어와 문제 완벽 정리',NULL,'2025-07-08 02:21:34','2025-07-08 02:21:34',NULL),('9788965423386',115,4,4,'해커스 토익 스타트 LC Listening (리스닝) 입문서',14900,'2024-09-02','ACTIVE','300','Korean','토익 필수 단어와 문제 완벽 정리',NULL,'2025-07-08 02:21:34','2025-07-08 02:21:34',NULL),('9788965424208',115,14,4,'해커스 첫토익 LC+RC+VOCA 기초입문서',14900,'2024-08-12','ACTIVE','300','Korean','토익 필수 단어와 문제 완벽 정리',NULL,'2025-07-08 02:21:34','2025-07-08 02:21:34',NULL),('9788965424215',115,64,4,'해커스 일본어 첫걸음: 기초20일 독학 완성!',13900,'2024-05-07','ACTIVE','300','Korean','삶과 사람에 대한 따뜻한 통찰',NULL,'2025-07-08 02:21:34','2025-07-08 02:21:34',NULL),('9788965424338',115,14,4,'해커스 지텔프(G-TELP) 문법 Level 2',18900,'2024-10-07','ACTIVE','300','Korean','삶과 사람에 대한 따뜻한 통찰',NULL,'2025-07-08 02:21:34','2025-07-08 02:21:34',NULL),('9788965424420',115,201,4,'해커스 JLPT N3(일본어능력시험) 한권합격',27000,'2025-01-24','ACTIVE','300','Korean','삶과 사람에 대한 따뜻한 통찰',NULL,'2025-07-08 02:21:34','2025-07-08 02:21:34',NULL),('9788965424581',115,14,4,'한 권으로 끝내는 해커스 토익 800+(LC+RC+VOCA)(리딩+리스닝+보카)',17700,'2025-05-26','ACTIVE','300','Korean','토익 필수 단어와 문제 완벽 정리',NULL,'2025-07-08 02:21:34','2025-07-08 02:21:34',NULL),('9788965424628',115,14,4,'한 권으로 끝내는 해커스 토익 700+(LC+RC+VOCA)',19800,'2025-01-20','ACTIVE','300','Korean','토익 필수 단어와 문제 완벽 정리',NULL,'2025-07-08 02:21:34','2025-07-08 02:21:34',NULL),('9788965424765',115,4,4,'해커스 토익 RC Reading(리딩) 기본서',18800,'2024-08-19','ACTIVE','300','Korean','토익 필수 단어와 문제 완벽 정리',NULL,'2025-07-08 02:21:34','2025-07-08 02:21:34',NULL),('9788965424772',115,4,4,'해커스 토익 LC Listening(리스닝) 기본서',18800,'2024-08-19','ACTIVE','300','Korean','토익 필수 단어와 문제 완벽 정리',NULL,'2025-07-08 02:21:34','2025-07-08 02:21:34',NULL),('9788965425991',115,4,4,'해커스 토플 리딩(Hackers TOEFL Reading)',26000,'2025-01-13','ACTIVE','300','Korean','삶과 사람에 대한 따뜻한 통찰',NULL,'2025-07-08 02:21:34','2025-07-08 02:21:34',NULL),('9788965426004',115,4,4,'해커스 토플 리스닝(Hackers TOEFL Listening)',32000,'2025-01-13','ACTIVE','300','Korean','삶과 사람에 대한 따뜻한 통찰',NULL,'2025-07-08 02:21:34','2025-07-08 02:21:34',NULL),('9788965427483',115,14,4,'해커스 토익 실전 LC+RC 3(모의고사 문제집+해설집)',18900,'2025-01-02','ACTIVE','300','Korean','토익 필수 단어와 문제 완벽 정리',NULL,'2025-07-08 02:21:34','2025-07-08 02:21:34',NULL),('9788965427766',115,14,4,'한 권으로 끝내는 해커스 토익 900+(LC+RC+VOCA)',17700,'2025-06-13','ACTIVE','300','Korean','토익 필수 단어와 문제 완벽 정리',NULL,'2025-07-08 02:21:34','2025-07-08 02:21:34',NULL),('9788969651358',115,175,131,'지텔프 기출문제집 G-TELP Level 2',22900,'2024-09-19','ACTIVE','300','Korean','삶과 사람에 대한 따뜻한 통찰',NULL,'2025-07-08 02:21:34','2025-07-08 02:21:34',NULL),('9788969655769',140,132,98,'2025 단기 합격 해커스공기업 NCS 통합 기본서(필수과목+전략과목+모의고사 5회분)',27000,'2025-01-02','ACTIVE','300','Korean','세계 경제 흐름을 읽는 통찰 제공',NULL,'2025-07-08 02:21:34','2025-07-08 02:21:34',NULL),('9788971968710',1,90,72,'마당을 나온 암탉',12800,'2023-07-31','ACTIVE','300','Korean','사람과 삶을 그린 감동적인 이야기',NULL,'2025-07-08 02:21:34','2025-07-08 02:21:34',NULL),('9788978497183',1,107,86,'플레이스테이션 2 퍼펙트 카탈로그(하)',32000,'2025-06-23','ACTIVE','300','Korean','삶과 사람에 대한 따뜻한 통찰',NULL,'2025-07-08 02:21:34','2025-07-08 02:21:34',NULL),('9788982641657',1,184,136,'예수님의 육성 도마복음',27000,'2025-06-13','ACTIVE','300','Korean','삶과 사람에 대한 따뜻한 통찰',NULL,'2025-07-08 02:21:34','2025-07-08 02:21:34',NULL),('9788983711892',130,155,116,'코스모스',19900,'2010-01-20','ACTIVE','300','Korean','삶과 사람에 대한 따뜻한 통찰',NULL,'2025-07-08 02:21:34','2025-07-08 02:21:34',NULL),('9788986836837',1,189,138,'왜 나는 너를 사랑하는가(70만 부 기념 리커버)',14000,'2022-11-10','ACTIVE','300','Korean','삶과 사람에 대한 따뜻한 통찰',NULL,'2025-07-08 02:21:34','2025-07-08 02:21:34',NULL),('9788990229472',10,177,133,'행복한 철학자',19000,'2023-11-15','ACTIVE','300','Korean','감성을 자극하는 따뜻한 이야기',NULL,'2025-07-08 02:21:34','2025-07-08 02:21:34',NULL),('9788997780624',82,60,82,'결국 국민이 합니다',22000,'2025-04-15','ACTIVE','300','Korean','삶과 사람에 대한 따뜻한 통찰',NULL,'2025-07-08 02:21:34','2025-07-08 02:21:34',NULL),('9788998441012',1,7,7,'모순',13000,'2013-04-01','ACTIVE','300','Korean','사람과 삶을 그린 감동적인 이야기',NULL,'2025-07-08 02:21:34','2025-07-08 02:21:34',NULL),('9788998441074',1,7,7,'나는 소망한다 내게 금지된 것을',15000,'2019-04-20','ACTIVE','300','Korean','사람과 삶을 그린 감동적인 이야기',NULL,'2025-07-08 02:21:34','2025-07-08 02:21:34',NULL),('9791130642574',1,55,43,'작은 땅의 야수들(리커버 무선판)',18000,'2023-06-19','ACTIVE','300','Korean','신진 작가의 독창적 시선을 담은 작품',NULL,'2025-07-08 02:21:34','2025-07-08 02:21:34',NULL),('9791130664187',130,171,128,'과학이 세상을 바꾼 순간',38000,'2025-03-24','ACTIVE','300','Korean','사람과 삶을 그린 감동적인 이야기',NULL,'2025-07-08 02:21:34','2025-07-08 02:21:34',NULL),('9791130666808',1,55,43,'밤새들의 도시',19800,'2025-06-13','ACTIVE','300','Korean','사람과 삶을 그린 감동적인 이야기',NULL,'2025-07-08 02:21:34','2025-07-08 02:21:34',NULL),('9791136035240',1,73,60,'2025 최신판 에듀윌 취업 SKCT SK그룹 종합역량검사 통합 기본서',23400,'2025-01-28','ACTIVE','300','Korean','삶과 사람에 대한 따뜻한 통찰',NULL,'2025-07-08 02:21:34','2025-07-08 02:21:34',NULL),('9791136035684',1,126,60,'2025 에듀윌 위험물산업기사 실기 2주끝장',27000,'2024-12-20','ACTIVE','300','Korean','삶과 사람에 대한 따뜻한 통찰',NULL,'2025-07-08 02:21:34','2025-07-08 02:21:34',NULL),('9791137910522',115,134,100,'10일 만에 끝내는 해커스 OPIc 오픽 START: Intermediate 공략',25000,'2024-09-02','ACTIVE','300','Korean','삶과 사람에 대한 따뜻한 통찰',NULL,'2025-07-08 02:21:34','2025-07-08 02:21:34',NULL),('9791137910539',115,134,100,'10일 만에 끝내는 해커스 OPIc 오픽 Advanced 공략',25000,'2023-10-23','ACTIVE','300','Korean','삶과 사람에 대한 따뜻한 통찰',NULL,'2025-07-08 02:21:34','2025-07-08 02:21:34',NULL),('9791138382229',1,21,17,'두산그룹 DCAT 온라인 종합적성검사 6개년 기출+모의고사 4회+무료두산특강',17500,'2025-02-20','ACTIVE','300','Korean','삶과 사람에 대한 따뜻한 통찰',NULL,'2025-07-08 02:21:34','2025-07-08 02:21:34',NULL),('9791138383585',140,153,17,'2025 시대에듀 사회조사분석사 2급 2차 실기 한권으로 끝내기',35000,'2025-02-10','ACTIVE','300','Korean','삶과 사람에 대한 따뜻한 통찰',NULL,'2025-07-08 02:21:34','2025-07-08 02:21:34',NULL),('9791138388078',16,119,17,'2025 시대에듀 한국실용글쓰기 실제 기출로 끝내기',20000,'2025-04-10','ACTIVE','300','Korean','삶과 사람에 대한 따뜻한 통찰',NULL,'2025-07-08 02:21:34','2025-07-08 02:21:34',NULL),('9791138394192',140,19,17,'2025 투자자산운용사 실제유형 모의고사 + 특별부록 PASSCODE Premium ver 10',55000,'2025-06-05','ACTIVE','300','Korean','삶과 사람에 대한 따뜻한 통찰',NULL,'2025-07-08 02:21:34','2025-07-08 02:21:34',NULL),('9791138395366',140,19,17,'2025 투자자산운용사 출제동형 100문항 최신 9회분',33000,'2025-06-23','ACTIVE','300','Korean','삶과 사람에 대한 따뜻한 통찰',NULL,'2025-07-08 02:21:34','2025-07-08 02:21:34',NULL),('9791138928113',16,17,15,'2025 큰별쌤 최태성의 별별한국사 한국사능력검정시험 심화(1, 2, 3급)(상)',16500,'2024-12-24','ACTIVE','300','Korean','삶과 사람에 대한 따뜻한 통찰',NULL,'2025-07-08 02:21:34','2025-07-08 02:21:34',NULL),('9791138928120',16,17,15,'2025 큰별쌤 최태성의 별별한국사 한국사능력검정시험 심화(1,2,3급)(하)',16000,'2024-12-24','ACTIVE','300','Korean','삶과 사람에 대한 따뜻한 통찰',NULL,'2025-07-08 02:21:34','2025-07-08 02:21:34',NULL),('9791138928144',16,17,15,'2025 큰별쌤 최태성의 별별한국사 기출 500제 한국사능력검정시험 심화(1,2,3급)',19500,'2024-12-24','ACTIVE','300','Korean','삶과 사람에 대한 따뜻한 통찰',NULL,'2025-07-08 02:21:34','2025-07-08 02:21:34',NULL),('9791138932943',16,17,15,'큰별쌤 최태성의 별별한국사 시대별 기출문제집 한국사능력검정시험 심화(1,2,3급)',19700,'2025-06-11','ACTIVE','300','Korean','삶과 사람에 대한 따뜻한 통찰',NULL,'2025-07-08 02:21:34','2025-07-08 02:21:34',NULL),('9791139716146',75,103,77,'행동하지 않으면 인생은 바뀌지 않는다',16900,'2024-11-19','ACTIVE','300','Korean','삶과 사람에 대한 따뜻한 통찰',NULL,'2025-07-08 02:21:34','2025-07-08 02:21:34',NULL),('9791139723700',1,167,77,'수면의 뇌과학',18000,'2025-06-04','ACTIVE','300','Korean','삶과 사람에 대한 따뜻한 통찰',NULL,'2025-07-08 02:21:34','2025-07-08 02:21:34',NULL),('9791140711680',158,131,47,'2025 시나공 컴퓨터활용능력 1급 필기 기출문제집',17000,'2024-11-18','ACTIVE','300','Korean','삶과 사람에 대한 따뜻한 통찰',NULL,'2025-07-08 02:21:34','2025-07-08 02:21:34',NULL),('9791140712458',158,131,47,'2025 시나공 정보처리기사 실기 기출문제집',22000,'2025-01-20','ACTIVE','300','Korean','삶과 사람에 대한 따뜻한 통찰',NULL,'2025-07-08 02:21:34','2025-07-08 02:21:34',NULL),('9791140712496',158,84,47,'2025 시나공 정보처리기사 실기 기본서',40000,'2025-02-24','ACTIVE','300','Korean','삶과 사람에 대한 따뜻한 통찰',NULL,'2025-07-08 02:21:34','2025-07-08 02:21:34',NULL),('9791140713523',1,145,47,'유지만 다이어트 레시피',22000,'2025-06-10','ACTIVE','300','Korean','삶과 사람에 대한 따뜻한 통찰',NULL,'2025-07-08 02:21:34','2025-07-08 02:21:34',NULL),('9791140713585',1,183,47,'불안이 사르르 사라지는 그림책',16800,'2025-06-16','ACTIVE','300','Korean','삶과 사람에 대한 따뜻한 통찰',NULL,'2025-07-08 02:21:34','2025-07-08 02:21:34',NULL),('9791140713714',158,131,47,'2026 시나공 컴퓨터활용능력 1급 필기 기본서',32000,'2025-06-16','ACTIVE','300','Korean','삶과 사람에 대한 따뜻한 통찰',NULL,'2025-07-08 02:21:34','2025-07-08 02:21:34',NULL),('9791140713721',158,131,47,'2026 시나공 컴퓨터활용능력 2급 필기 기본서',22000,'2025-06-16','ACTIVE','300','Korean','삶과 사람에 대한 따뜻한 통찰',NULL,'2025-07-08 02:21:34','2025-07-08 02:21:34',NULL),('9791140713790',56,58,47,'쉽게 배워 바로 돈 버는 부동산 경매 투자',22000,'2025-07-02','ACTIVE','300','Korean','삶과 사람에 대한 따뜻한 통찰',NULL,'2025-07-08 02:21:34','2025-07-08 02:21:34',NULL),('9791140714575',106,46,38,'미술관에 간 할미',21000,'2025-06-11','ACTIVE','300','Korean','삶과 사람에 대한 따뜻한 통찰',NULL,'2025-07-08 02:21:34','2025-07-08 02:21:34',NULL),('9791141077761',10,83,102,'토마토 컵라면(스페셜 에디션)',9000,'2024-04-08','ACTIVE','300','Korean','사람과 삶을 그린 감동적인 이야기',NULL,'2025-07-08 02:21:34','2025-07-08 02:21:34',NULL),('9791141087845',10,187,102,'마침내 멸망하는 여름(스페셜 에디션)',11000,'2024-06-03','ACTIVE','300','Korean','삶과 사람에 대한 따뜻한 통찰',NULL,'2025-07-08 02:21:34','2025-07-08 02:21:34',NULL),('9791141161583',197,106,85,'스파이 패밀리 15',6000,'2025-06-24','ACTIVE','300','Korean',NULL,NULL,'2025-07-08 02:21:34','2025-07-08 02:21:34',NULL),('9791141601300',1,10,10,'이중 하나는 거짓말',16000,'2024-08-27','ACTIVE','300','Korean','사람과 삶을 그린 감동적인 이야기',NULL,'2025-07-08 02:21:34','2025-07-08 02:21:34',NULL),('9791141602024',1,67,10,'제16회 젊은작가상 수상작품집(2025)',7700,'2025-04-02','ACTIVE','300','Korean','사람과 삶을 그린 감동적인 이야기',NULL,'2025-07-08 02:21:34','2025-07-08 02:21:34',NULL),('9791141602376',1,10,10,'안녕이라 그랬어',16800,'2025-06-20','ACTIVE','300','Korean','사람과 삶을 그린 감동적인 이야기',NULL,'2025-07-08 02:21:34','2025-07-08 02:21:34',NULL),('9791142316760',197,48,21,'원피스 111: 엘바프 모험',6000,'2025-06-30','ACTIVE','300','Korean',NULL,NULL,'2025-07-08 02:21:34','2025-07-08 02:21:34',NULL),('9791142319730',197,25,21,'열혈강호 93',5500,'2025-06-16','ACTIVE','300','Korean',NULL,NULL,'2025-07-08 02:21:34','2025-07-08 02:21:34',NULL),('9791156628019',82,60,49,'이재명 자서전 그 꿈이 있어 여기까지 왔다',16800,'2025-06-09','ACTIVE','300','Korean','삶과 사람에 대한 따뜻한 통찰',NULL,'2025-07-08 02:21:34','2025-07-08 02:21:34',NULL),('9791157064281',82,123,93,'이재명에 관하여',15000,'2025-04-23','ACTIVE','300','Korean','삶과 사람에 대한 따뜻한 통찰',NULL,'2025-07-08 02:21:34','2025-07-08 02:21:34',NULL),('9791157678815',158,52,87,'2025 수제비 정보처리기사 실기 Final 실전 모의고사',32000,'2025-02-04','ACTIVE','300','Korean','삶과 사람에 대한 따뜻한 통찰',NULL,'2025-07-08 02:21:34','2025-07-08 02:21:34',NULL),('9791157848119',56,61,50,'빅 사이클',38000,'2025-06-03','ACTIVE','300','Korean','신진 작가의 독창적 시선을 담은 작품',NULL,'2025-07-08 02:21:34','2025-07-08 02:21:34',NULL),('9791157848164',56,182,50,'AI 전쟁 2.0',22000,'2025-06-30','ACTIVE','300','Korean','삶과 사람에 대한 따뜻한 통찰',NULL,'2025-07-08 02:21:34','2025-07-08 02:21:34',NULL),('9791158161767',10,161,120,'이 지랄맞음이 쌓여 축제가 되겠지(리커버:K)',16800,'2024-03-29','ACTIVE','300','Korean','감성을 자극하는 따뜻한 이야기',NULL,'2025-07-08 02:21:34','2025-07-08 02:21:34',NULL),('9791158395674',158,62,51,'이지패스 2025 ADsP 데이터분석 준전문가',30000,'2025-01-07','ACTIVE','300','Korean','삶과 사람에 대한 따뜻한 통찰',NULL,'2025-07-08 02:21:34','2025-07-08 02:21:34',NULL),('9791158513177',75,186,137,'인생의 컨닝페이퍼',19000,'2025-06-02','ACTIVE','300','Korean','삶과 사람에 대한 따뜻한 통찰',NULL,'2025-07-08 02:21:34','2025-07-08 02:21:34',NULL),('9791158733414',1,66,55,'0~2세 수면 습관의 힘',18000,'2025-06-23','ACTIVE','300','Korean','삶과 사람에 대한 따뜻한 통찰',NULL,'2025-07-08 02:21:34','2025-07-08 02:21:34',NULL),('9791158883591',56,190,139,'부자 아빠 가난한 아빠 1(20주년 특별 기념판)',17000,'2022-10-28','ACTIVE','300','Korean','삶과 사람에 대한 따뜻한 통찰',NULL,'2025-07-08 02:21:34','2025-07-08 02:21:34',NULL),('9791161508016',115,112,37,'GO! 독학 일본어 일상 표현 222',16800,'2024-01-02','ACTIVE','300','Korean','삶과 사람에 대한 따뜻한 통찰',NULL,'2025-07-08 02:21:34','2025-07-08 02:21:34',NULL),('9791161508207',115,108,37,'한권 한달 완성 일본어 말하기 Lv 1',16800,'2024-02-28','ACTIVE','300','Korean','삶과 사람에 대한 따뜻한 통찰',NULL,'2025-07-08 02:21:34','2025-07-08 02:21:34',NULL),('9791161508849',115,45,37,'서아쌤의 토익 비밀과외 START',16800,'2025-06-17','ACTIVE','300','Korean','삶과 사람에 대한 따뜻한 통찰',NULL,'2025-07-08 02:21:34','2025-07-08 02:21:34',NULL),('9791161509051',115,108,37,'Go! 독학 일본어 첫걸음',13900,'2024-11-01','ACTIVE','300','Korean','삶과 사람에 대한 따뜻한 통찰',NULL,'2025-07-08 02:21:34','2025-07-08 02:21:34',NULL),('9791161509143',115,45,37,'서아쌤의 토익 비밀과외',18800,'2024-11-27','ACTIVE','300','Korean','삶과 사람에 대한 따뜻한 통찰',NULL,'2025-07-08 02:21:34','2025-07-08 02:21:34',NULL),('9791161509372',115,125,37,'일본어 동사 활용 쓰기 노트',11000,'2025-01-20','ACTIVE','300','Korean','삶과 사람에 대한 따뜻한 통찰',NULL,'2025-07-08 02:21:34','2025-07-08 02:21:34',NULL),('9791161509716',115,197,37,'100일 만에 프리토킹',18900,'2025-04-24','ACTIVE','300','Korean','토익 필수 단어와 문제 완벽 정리',NULL,'2025-07-08 02:21:34','2025-07-08 02:21:34',NULL),('9791162052679',140,151,114,'2026 심슨 보카',25000,'2025-04-28','ACTIVE','300','Korean','토익 필수 단어와 문제 완벽 정리',NULL,'2025-07-08 02:21:34','2025-07-08 02:21:34',NULL),('9791162145043',10,82,69,'행복할 거야 이래도 되나 싶을 정도로',18000,'2024-07-29','ACTIVE','300','Korean','신진 작가의 독창적 시선을 담은 작품',NULL,'2025-07-08 02:21:34','2025-07-08 02:21:34',NULL),('9791162203620',1,114,90,'파과',15800,'2018-04-16','ACTIVE','300','Korean','사람과 삶을 그린 감동적인 이야기',NULL,'2025-07-08 02:21:34','2025-07-08 02:21:34',NULL),('9791162540633',75,206,13,'그릿(50만부 판매 기념 리커버 골드에디션)',18000,'2022-12-19','ACTIVE','300','Korean','삶과 사람에 대한 따뜻한 통찰',NULL,'2025-07-08 02:21:34','2025-07-08 02:21:34',NULL),('9791162544211',130,159,13,'비전공자도 이해할 수 있는 챗GPT',19500,'2025-05-20','ACTIVE','300','Korean','삶과 사람에 대한 따뜻한 통찰',NULL,'2025-07-08 02:21:34','2025-07-08 02:21:34',NULL),('9791162544259',130,15,13,'마침내 특이점이 시작된다',30000,'2025-06-13','ACTIVE','300','Korean','삶과 사람에 대한 따뜻한 통찰',NULL,'2025-07-08 02:21:34','2025-07-08 02:21:34',NULL),('9791163037231',158,146,110,'된다! 하루 만에 끝내는 챗GPT 활용법',20000,'2025-06-04','ACTIVE','300','Korean','삶과 사람에 대한 따뜻한 통찰',NULL,'2025-07-08 02:21:34','2025-07-08 02:21:34',NULL),('9791164051069',10,120,92,'욕구들',18000,'2021-05-17','ACTIVE','300','Korean','삶과 사람에 대한 따뜻한 통찰',NULL,'2025-07-08 02:21:34','2025-07-08 02:21:34',NULL),('9791164162505',75,101,79,'우연한 일은 우연히 일어나지 않는다',19000,'2025-06-17','ACTIVE','300','Korean','삶과 사람에 대한 따뜻한 통찰',NULL,'2025-07-08 02:21:34','2025-07-08 02:21:34',NULL),('9791165219956',115,179,134,'일본어 무작정 따라하기(완전판)',26000,'2022-08-05','ACTIVE','300','Korean','삶과 사람에 대한 따뜻한 통찰',NULL,'2025-07-08 02:21:34','2025-07-08 02:21:34',NULL),('9791166197185',1,75,62,'호수 모자',13000,'2025-06-15','ACTIVE','300','Korean','삶과 사람에 대한 따뜻한 통찰',NULL,'2025-07-08 02:21:34','2025-07-08 02:21:34',NULL),('9791167372864',1,70,1,'구의 증명(리커버판)',12000,'2023-04-26','ACTIVE','300','Korean','사람과 삶을 그린 감동적인 이야기',NULL,'2025-07-08 02:21:34','2025-07-08 02:21:34',NULL),('9791167375605',106,1,1,'조선의 백자, 군자지향',35000,'2025-06-27','ACTIVE','300','Korean','사람과 삶을 그린 감동적인 이야기',NULL,'2025-07-08 02:21:34','2025-07-08 02:21:34',NULL),('9791167375629',1,94,1,'치유의 빛',18000,'2025-06-11','ACTIVE','300','Korean','사람과 삶을 그린 감동적인 이야기',NULL,'2025-07-08 02:21:34','2025-07-08 02:21:34',NULL),('9791167742063',16,147,111,'경험의 멸종',19800,'2025-05-20','ACTIVE','300','Korean','삶과 사람에 대한 따뜻한 통찰',NULL,'2025-07-08 02:21:34','2025-07-08 02:21:34',NULL),('9791167844170',140,166,125,'2025 재경관리사 기출문제집',27000,'2025-06-04','ACTIVE','300','Korean','삶과 사람에 대한 따뜻한 통찰',NULL,'2025-07-08 02:21:34','2025-07-08 02:21:34',NULL),('9791168222724',1,127,95,'뿐이 토핑 이유식',29800,'2024-02-26','ACTIVE','300','Korean','신진 작가의 독창적 시선을 담은 작품',NULL,'2025-07-08 02:21:34','2025-07-08 02:21:34',NULL),('9791168223981',1,168,95,'마침내, 안녕',17000,'2025-05-26','ACTIVE','300','Korean','삶과 사람에 대한 따뜻한 통찰',NULL,'2025-07-08 02:21:34','2025-07-08 02:21:34',NULL),('9791168270749',1,32,26,'엄마의 말 연습',17500,'2022-09-22','ACTIVE','300','Korean','삶과 사람에 대한 따뜻한 통찰',NULL,'2025-07-08 02:21:34','2025-07-08 02:21:34',NULL),('9791168341746',16,96,75,'물질의 세계',29800,'2024-03-08','ACTIVE','300','Korean','삶과 사람에 대한 따뜻한 통찰',NULL,'2025-07-08 02:21:34','2025-07-08 02:21:34',NULL),('9791168341890',10,204,75,'제철 행복',17800,'2024-04-25','ACTIVE','300','Korean','신진 작가의 독창적 시선을 담은 작품',NULL,'2025-07-08 02:21:34','2025-07-08 02:21:34',NULL),('9791168342682',1,200,75,'그릿',18800,'2025-02-26','ACTIVE','300','Korean','삶과 사람에 대한 따뜻한 통찰',NULL,'2025-07-08 02:21:34','2025-07-08 02:21:34',NULL),('9791168342958',1,39,52,'다시, 몸으로',17500,'2025-06-11','ACTIVE','300','Korean','사람과 삶을 그린 감동적인 이야기',NULL,'2025-07-08 02:21:34','2025-07-08 02:21:34',NULL),('9791169663892',140,138,104,'2026 문동균 한국사 한 권으로 모든 것을 정리하는 판서노트(한정판)',17000,'2025-06-13','ACTIVE','300','Korean','삶과 사람에 대한 따뜻한 통찰',NULL,'2025-07-08 02:21:34','2025-07-08 02:21:34',NULL),('9791169851053',10,23,20,'어른의 행복은 조용하다',17800,'2024-11-04','ACTIVE','300','Korean','감성을 자극하는 따뜻한 이야기',NULL,'2025-07-08 02:21:34','2025-07-08 02:21:34',NULL),('9791169851305',1,198,20,'부모의 내면이 아이의 세상이 된다',19800,'2025-04-01','ACTIVE','300','Korean','신진 작가의 독창적 시선을 담은 작품',NULL,'2025-07-08 02:21:34','2025-07-08 02:21:34',NULL),('9791170403203',10,202,34,'심장보다 단단한 토마토 한 알',12000,'2025-01-10','ACTIVE','300','Korean','삶과 사람에 대한 따뜻한 통찰',NULL,'2025-07-08 02:21:34','2025-07-08 02:21:34',NULL),('9791170403319',10,41,34,'료의 생각 없는 생각',20000,'2025-06-16','ACTIVE','300','Korean','삶과 사람에 대한 따뜻한 통찰',NULL,'2025-07-08 02:21:34','2025-07-08 02:21:34',NULL),('9791170612599',10,78,65,'오역하는 말들',16800,'2025-05-30','ACTIVE','300','Korean','삶과 사람에 대한 따뜻한 통찰',NULL,'2025-07-08 02:21:34','2025-07-08 02:21:34',NULL),('9791171010875',115,135,101,'영어로 문장 만들기 훈련 1차 임계점',22000,'2024-07-15','ACTIVE','300','Korean','토익 필수 단어와 문제 완벽 정리',NULL,'2025-07-08 02:21:34','2025-07-08 02:21:34',NULL),('9791172132477',82,170,127,'이로운 보수 의로운 진보',20000,'2025-05-15','ACTIVE','300','Korean','삶과 사람에 대한 따뜻한 통찰',NULL,'2025-07-08 02:21:34','2025-07-08 02:21:34',NULL),('9791172442071',140,89,53,'2025 해커스공무원 영문법 합격생 필기노트',11900,'2024-07-05','ACTIVE','300','Korean','삶과 사람에 대한 따뜻한 통찰',NULL,'2025-07-08 02:21:34','2025-07-08 02:21:34',NULL),('9791172445164',140,79,66,'2025 해커스 투자자산운용사 한권합격 핵심개념+적중문제',36900,'2025-03-14','ACTIVE','300','Korean','삶과 사람에 대한 따뜻한 통찰',NULL,'2025-07-08 02:21:34','2025-07-08 02:21:34',NULL),('9791172449766',140,63,53,'2026 해커스공무원 신민숙 쉬운국어 한 권으로 끝',22000,'2025-05-07','ACTIVE','300','Korean','삶과 사람에 대한 따뜻한 통찰',NULL,'2025-07-08 02:21:34','2025-07-08 02:21:34',NULL),('9791173473968',1,118,59,'흔한남매 19',15800,'2025-04-18','ACTIVE','300','Korean','삶과 사람에 대한 따뜻한 통찰',NULL,'2025-07-08 02:21:34','2025-07-08 02:21:34',NULL),('9791173476259',1,122,59,'에그박사 15',15800,'2025-05-29','ACTIVE','300','Korean','삶과 사람에 대한 따뜻한 통찰',NULL,'2025-07-08 02:21:34','2025-07-08 02:21:34',NULL),('9791173476594',1,72,59,'처음 읽는 그리스 로마 신화 13: 오디세우스의 모험',15500,'2025-06-17','ACTIVE','300','Korean','삶과 사람에 대한 따뜻한 통찰',NULL,'2025-07-08 02:21:34','2025-07-08 02:21:34',NULL),('9791173573019',1,93,74,'마법천자문 67: 싸움의 계획을 세우다! 작전',15800,'2025-06-18','ACTIVE','300','Korean','삶과 사람에 대한 따뜻한 통찰',NULL,'2025-07-08 02:21:34','2025-07-08 02:21:34',NULL),('9791173740701',75,103,81,'누구도 대신 살아 주지 않는다',16800,'2025-06-11','ACTIVE','300','Korean','삶과 사람에 대한 따뜻한 통찰',NULL,'2025-07-08 02:21:34','2025-07-08 02:21:34',NULL),('9791174041869',140,156,117,'2025 해커스경찰 갓대환 형사법 진도별 문제풀이 1000제 2차 시험 대비',40000,'2025-06-20','ACTIVE','300','Korean','삶과 사람에 대한 따뜻한 통찰',NULL,'2025-07-08 02:21:34','2025-07-08 02:21:34',NULL),('9791185428833',16,65,54,'나만 모르고 있는 내 감정의 속사정',16700,'2025-06-25','ACTIVE','300','Korean','삶과 사람에 대한 따뜻한 통찰',NULL,'2025-07-08 02:21:34','2025-07-08 02:21:34',NULL),('9791186858387',115,54,37,'28시간에 끝내는 토익스피킹 스타트',17900,'2025-03-25','ACTIVE','300','Korean','토익 필수 단어와 문제 완벽 정리',NULL,'2025-07-08 02:21:34','2025-07-08 02:21:34',NULL),('9791187142560',75,99,77,'데일 카네기 인간관계론(50만부 돌파 초판 무삭제 완역본)',11500,'2019-10-07','ACTIVE','300','Korean','삶과 사람에 대한 따뜻한 통찰',NULL,'2025-07-08 02:21:34','2025-07-08 02:21:34',NULL),('9791188469994',10,191,35,'당신은 결국 무엇이든 해내는 사람(특별 리커버 에디션)',17000,'2022-04-20','ACTIVE','300','Korean','감성을 자극하는 따뜻한 이야기',NULL,'2025-07-08 02:21:34','2025-07-08 02:21:34',NULL),('9791189856502',10,143,107,'쓸 만한 인간',14200,'2019-09-02','ACTIVE','300','Korean','삶과 사람에 대한 따뜻한 통찰',NULL,'2025-07-08 02:21:34','2025-07-08 02:21:34',NULL),('9791190090261',1,210,32,'천 개의 파랑',17000,'2020-08-19','ACTIVE','300','Korean','삶과 사람에 대한 따뜻한 통찰',NULL,'2025-07-08 02:21:34','2025-07-08 02:21:34',NULL),('9791190205955',1,51,41,'고려대 재미있는 한국어. 3: 쓰기',12000,'2020-10-15','ACTIVE','300','Korean','삶과 사람에 대한 따뜻한 통찰',NULL,'2025-07-08 02:21:34','2025-07-08 02:21:34',NULL),('9791190302364',140,81,68,'선재국어 독해야 산다 1일 1독',16000,'2025-06-20','ACTIVE','300','Korean','삶과 사람에 대한 따뜻한 통찰',NULL,'2025-07-08 02:21:34','2025-07-08 02:21:34',NULL),('9791191056372',56,97,75,'돈의 심리학(30만 부 기념 스페셜 에디션)',19800,'2023-11-06','ACTIVE','300','Korean','세계 경제 흐름을 읽는 통찰 제공',NULL,'2025-07-08 02:21:34','2025-07-08 02:21:34',NULL),('9791191114768',10,9,9,'단 한 번의 삶',16800,'2025-04-06','ACTIVE','300','Korean','삶과 사람에 대한 따뜻한 통찰',NULL,'2025-07-08 02:21:34','2025-07-08 02:21:34',NULL),('9791191161175',1,51,41,'고려대 재미있는 한국어. 4: 쓰기',12000,'2021-12-24','ACTIVE','300','Korean','삶과 사람에 대한 따뜻한 통찰',NULL,'2025-07-08 02:21:34','2025-07-08 02:21:34',NULL),('9791191777987',75,27,23,'존재 자체로 괜찮은 날이었다',18800,'2025-06-25','ACTIVE','300','Korean','감성을 자극하는 따뜻한 이야기',NULL,'2025-07-08 02:21:34','2025-07-08 02:21:34',NULL),('9791192300818',16,205,144,'마흔에 읽는 쇼펜하우어',17000,'2023-09-07','ACTIVE','300','Korean','삶과 사람에 대한 따뜻한 통찰',NULL,'2025-07-08 02:21:34','2025-07-08 02:21:34',NULL),('9791192372730',16,37,31,'위버멘쉬',17800,'2025-03-14','ACTIVE','300','Korean','삶과 사람에 대한 따뜻한 통찰',NULL,'2025-07-08 02:21:34','2025-07-08 02:21:34',NULL),('9791192389233',16,76,16,'마음의 기술',21000,'2024-11-18','ACTIVE','300','Korean','삶과 사람에 대한 따뜻한 통찰',NULL,'2025-07-08 02:21:34','2025-07-08 02:21:34',NULL),('9791192559070',10,148,112,'사는 동안 틈틈이 행복합시다',17800,'2025-05-14','ACTIVE','300','Korean','감성을 자극하는 따뜻한 이야기',NULL,'2025-07-08 02:21:34','2025-07-08 02:21:34',NULL),('9791192999739',56,111,89,'결핍은 우리를 어떻게 변화시키는가',24800,'2025-03-27','ACTIVE','300','Korean','세계 경제 흐름을 읽는 통찰 제공',NULL,'2025-07-08 02:21:34','2025-07-08 02:21:34',NULL),('9791193070031',1,164,123,'내가 본 미래(완전판)',9900,'2024-03-31','ACTIVE','300','Korean','삶과 사람에 대한 따뜻한 통찰',NULL,'2025-07-08 02:21:34','2025-07-08 02:21:34',NULL),('9791193078563',1,39,32,'토막 난 우주를 안고서',17000,'2025-06-18','ACTIVE','300','Korean','사람과 삶을 그린 감동적인 이야기',NULL,'2025-07-08 02:21:34','2025-07-08 02:21:34',NULL),('9791193262474',56,150,35,'부의 전략 수업',19800,'2025-05-07','ACTIVE','300','Korean','삶과 사람에 대한 따뜻한 통찰',NULL,'2025-07-08 02:21:34','2025-07-08 02:21:34',NULL),('9791193262559',10,42,35,'혹시, 돈 얘기해도 될까요?',19800,'2025-05-28','ACTIVE','300','Korean','삶과 사람에 대한 따뜻한 통찰',NULL,'2025-07-08 02:21:34','2025-07-08 02:21:34',NULL),('9791193282045',16,33,27,'쇼펜하우어 인생수업: 한 번뿐인 삶 이렇게 살아라(리커버 에디션)',17500,'2024-02-20','ACTIVE','300','Korean','삶과 사람에 대한 따뜻한 통찰',NULL,'2025-07-08 02:21:34','2025-07-08 02:21:34',NULL),('9791193282069',16,37,27,'니체 인생수업: 니체가 세상에 남긴 66가지 인생지혜(리커버 에디션)',17500,'2024-03-22','ACTIVE','300','Korean','역사와 문화의 깊이를 전하는 책',NULL,'2025-07-08 02:21:34','2025-07-08 02:21:34',NULL),('9791193282243',16,33,27,'쇼펜하우어 인생수업 2: 한 번뿐인 삶 이렇게 살아라',17500,'2025-06-13','ACTIVE','300','Korean',NULL,NULL,'2025-07-08 02:21:34','2025-07-08 02:21:34',NULL),('9791193383193',75,174,130,'일의 감각',22000,'2024-11-10','ACTIVE','300','Korean','감성을 자극하는 따뜻한 이야기',NULL,'2025-07-08 02:21:34','2025-07-08 02:21:34',NULL),('9791193401453',56,195,142,'실패를 성공으로 바꾸는 주식투자의 기술',21000,'2025-05-13','ACTIVE','300','Korean','삶과 사람에 대한 따뜻한 통찰',NULL,'2025-07-08 02:21:34','2025-07-08 02:21:34',NULL),('9791193506516',16,24,11,'초역 부처의 말',17800,'2024-05-30','ACTIVE','300','Korean','삶과 사람에 대한 따뜻한 통찰',NULL,'2025-07-08 02:21:34','2025-07-08 02:21:34',NULL),('9791193712559',10,133,99,'길 위의 뇌',19500,'2024-10-18','ACTIVE','300','Korean','사람과 삶을 그린 감동적인 이야기',NULL,'2025-07-08 02:21:34','2025-07-08 02:21:34',NULL),('9791193842287',75,57,46,'어른의 품격을 채우는 100일 필사 노트',20000,'2025-03-05','ACTIVE','300','Korean','신진 작가의 독창적 시선을 담은 작품',NULL,'2025-07-08 02:21:34','2025-07-08 02:21:34',NULL),('9791193904152',75,22,19,'행동은 불안을 이긴다',20000,'2025-04-16','ACTIVE','300','Korean','삶과 사람에 대한 따뜻한 통찰',NULL,'2025-07-08 02:21:34','2025-07-08 02:21:34',NULL),('9791193904213',1,38,19,'내게 남은 스물다섯 번의 계절',16800,'2025-05-16','ACTIVE','300','Korean','사람과 삶을 그린 감동적인 이야기',NULL,'2025-07-08 02:21:34','2025-07-08 02:21:34',NULL),('9791193904398',75,121,19,'네 명의 억만장자와 한 명의 주차관리원',20000,'2025-06-25','ACTIVE','300','Korean','삶과 사람에 대한 따뜻한 통찰',NULL,'2025-07-08 02:21:34','2025-07-08 02:21:34',NULL),('9791193937150',16,85,6,'내가 원하는 것을 나도 모를 때',22000,'2025-01-15','ACTIVE','300','Korean','감성을 자극하는 따뜻한 이야기',NULL,'2025-07-08 02:21:34','2025-07-08 02:21:34',NULL),('9791193937655',10,6,6,'우리의 낙원에서 만나자',19500,'2025-05-21','ACTIVE','300','Korean','감성을 자극하는 따뜻한 이야기',NULL,'2025-07-08 02:21:34','2025-07-08 02:21:34',NULL),('9791193937709',75,26,22,'왓츠 유어 드림',22000,'2025-06-04','ACTIVE','300','Korean','삶과 사람에 대한 따뜻한 통찰',NULL,'2025-07-08 02:21:34','2025-07-08 02:21:34',NULL),('9791193937723',1,44,6,'메리골드 마음 식물원',18000,'2025-06-18','ACTIVE','300','Korean','삶과 사람에 대한 따뜻한 통찰',NULL,'2025-07-08 02:21:34','2025-07-08 02:21:34',NULL),('9791193939314',75,80,67,'고전이 답했다: 마땅히 가져야 할 부에 대하여',17800,'2025-07-02','ACTIVE','300','Korean','신진 작가의 독창적 시선을 담은 작품',NULL,'2025-07-08 02:21:34','2025-07-08 02:21:34',NULL),('9791194033455',16,173,129,'더 나은 어휘를 쓰고 싶은 당신을 위한 필사책',22000,'2024-11-20','ACTIVE','300','Korean','삶과 사람에 대한 따뜻한 통찰',NULL,'2025-07-08 02:21:34','2025-07-08 02:21:34',NULL),('9791194033837',10,83,70,'여름 피치 스파클링',12000,'2025-06-04','ACTIVE','300','Korean','삶과 사람에 대한 따뜻한 통찰',NULL,'2025-07-08 02:21:34','2025-07-08 02:21:34',NULL),('9791194156208',75,29,24,'그냥 나로 살아도 괜찮아',18800,'2025-06-10','ACTIVE','300','Korean','삶과 사람에 대한 따뜻한 통찰',NULL,'2025-07-08 02:21:34','2025-07-08 02:21:34',NULL),('9791194177173',1,13,12,'읽는 기도: 몸과 마음 치유기도',6500,'2024-11-06','ACTIVE','300','Korean','삶과 사람에 대한 따뜻한 통찰',NULL,'2025-07-08 02:21:34','2025-07-08 02:21:34',NULL),('9791194177203',1,13,12,'읽는기도: 4단계 상급기도',8500,'2025-06-30','ACTIVE','300','Korean','삶과 사람에 대한 따뜻한 통찰',NULL,'2025-07-08 02:21:34','2025-07-08 02:21:34',NULL),('9791194177210',1,13,12,'읽는 기도 기도의 생수',8500,'2025-03-12','ACTIVE','300','Korean','삶과 사람에 대한 따뜻한 통찰',NULL,'2025-07-08 02:21:34','2025-07-08 02:21:34',NULL),('9791194177302',1,13,12,'읽는 기도',8500,'2025-04-16','ACTIVE','300','Korean','삶과 사람에 대한 따뜻한 통찰',NULL,'2025-07-08 02:21:34','2025-07-08 02:21:34',NULL),('9791194184331',10,102,80,'인생을 바꾸는 이메일 쓰기',17800,'2025-06-12','ACTIVE','300','Korean','신진 작가의 독창적 시선을 담은 작품',NULL,'2025-07-08 02:21:34','2025-07-08 02:21:34',NULL),('9791194324799',10,77,64,'여름어 사전',17000,'2025-06-18','ACTIVE','300','Korean','삶과 사람에 대한 따뜻한 통찰',NULL,'2025-07-08 02:21:34','2025-07-08 02:21:34',NULL),('9791194330424',16,68,56,'넥서스',27800,'2024-10-11','ACTIVE','300','Korean','삶과 사람에 대한 따뜻한 통찰',NULL,'2025-07-08 02:21:34','2025-07-08 02:21:34',NULL),('9791194368137',56,18,16,'워런 버핏 웨이',33000,'2025-05-21','ACTIVE','300','Korean','신진 작가의 독창적 시선을 담은 작품',NULL,'2025-07-08 02:21:34','2025-07-08 02:21:34',NULL),('9791194368175',75,28,16,'듀얼 브레인',21000,'2025-03-19','ACTIVE','300','Korean','삶과 사람에 대한 따뜻한 통찰',NULL,'2025-07-08 02:21:34','2025-07-08 02:21:34',NULL),('9791194368311',90,30,16,'쓰는 인간: 종이에 기록한 사유와 창조의 역사',24000,'2025-06-25','ACTIVE','300','Korean','삶과 사람에 대한 따뜻한 통찰',NULL,'2025-07-08 02:21:34','2025-07-08 02:21:34',NULL),('9791194413394',1,144,109,'궤도',17000,'2025-06-20','ACTIVE','300','Korean','신진 작가의 독창적 시선을 담은 작품',NULL,'2025-07-08 02:21:34','2025-07-08 02:21:34',NULL),('9791194508236',75,100,78,'생각의 주도권을 디자인하라',21000,'2025-07-02','ACTIVE','300','Korean','삶과 사람에 대한 따뜻한 통찰',NULL,'2025-07-08 02:21:34','2025-07-08 02:21:34',NULL),('9791194530107',56,172,11,'환율의 대전환',27000,'2025-02-28','ACTIVE','300','Korean','세계 경제 흐름을 읽는 통찰 제공',NULL,'2025-07-08 02:21:34','2025-07-08 02:21:34',NULL),('9791194530213',16,24,11,'초역 부처의 말 필사집',22000,'2025-03-19','ACTIVE','300','Korean','삶과 사람에 대한 따뜻한 통찰',NULL,'2025-07-08 02:21:34','2025-07-08 02:21:34',NULL),('9791194530398',16,11,11,'단 한 줄만 내 마음에 새긴다고 해도',23800,'2025-06-11','ACTIVE','300','Korean','삶과 사람에 대한 따뜻한 통찰',NULL,'2025-07-08 02:21:34','2025-07-08 02:21:34',NULL),('9791194600114',75,149,113,'게으르게 살지만 부자는 되고 싶어',17800,'2025-05-14','ACTIVE','300','Korean','삶과 사람에 대한 따뜻한 통찰',NULL,'2025-07-08 02:21:34','2025-07-08 02:21:34',NULL),('9791194600398',56,69,57,'나는 0원으로 강남 건물주보다 월세 많이 받는 온라인 건물주로 산다',29000,'2025-06-26','ACTIVE','300','Korean','삶과 사람에 대한 따뜻한 통찰',NULL,'2025-07-08 02:21:34','2025-07-08 02:21:34',NULL),('9791194620075',75,40,33,'리더의 길을 묻다',17800,'2025-06-11','ACTIVE','300','Korean','삶과 사람에 대한 따뜻한 통찰',NULL,'2025-07-08 02:21:34','2025-07-08 02:21:34',NULL),('9791194620099',75,40,33,'일과 성공의 길을 묻다',17800,'2025-06-30','ACTIVE','300','Korean','삶과 사람에 대한 따뜻한 통찰',NULL,'2025-07-08 02:21:34','2025-07-08 02:21:34',NULL),('9791194627074',1,56,44,'저속노화 마인드셋',19500,'2025-06-24','ACTIVE','300','Korean','삶과 사람에 대한 따뜻한 통찰',NULL,'2025-07-08 02:21:34','2025-07-08 02:21:34',NULL),('9791194634256',56,194,141,'돈의 흐름은 되풀이된다',19000,'2025-05-21','ACTIVE','300','Korean','세계 경제 흐름을 읽는 통찰 제공',NULL,'2025-07-08 02:21:34','2025-07-08 02:21:34',NULL),('9791194768043',140,196,143,'COMPACT 형법: 반반형법 플러스',32000,'2025-05-08','ACTIVE','300','Korean','삶과 사람에 대한 따뜻한 통찰',NULL,'2025-07-08 02:21:34','2025-07-08 02:21:34',NULL),('9791194812005',16,35,29,'식탁 위의 권력 미식 경제학',18800,'2025-06-10','ACTIVE','300','Korean','세계 경제 흐름을 읽는 통찰 제공',NULL,'2025-07-08 02:21:34','2025-07-08 02:21:34',NULL),('9791194830313',106,20,18,'미지의 서울 대본집 세트',46000,'2025-07-22','ACTIVE','300','Korean','신진 작가의 독창적 시선을 담은 작품',NULL,'2025-07-08 02:21:34','2025-07-08 02:21:34',NULL),('9791194930136',1,31,25,'장미와 나이프',18000,'2025-06-16','ACTIVE','300','Korean','신진 작가의 독창적 시선을 담은 작품',NULL,'2025-07-08 02:21:34','2025-07-08 02:21:34',NULL),('9791195124480',90,163,122,'책문',22000,'2015-06-15','ACTIVE','300','Korean','삶과 사람에 대한 따뜻한 통찰',NULL,'2025-07-08 02:21:34','2025-07-08 02:21:34',NULL),('9791195795505',1,140,105,'삐뽀삐뽀 119 소아과',29800,'2024-01-05','ACTIVE','300','Korean','삶과 사람에 대한 따뜻한 통찰',NULL,'2025-07-08 02:21:34','2025-07-08 02:21:34',NULL),('9791195795529',1,140,105,'삐뽀삐뽀 119 이유식',18900,'2017-12-01','ACTIVE','300','Korean','삶과 사람에 대한 따뜻한 통찰',NULL,'2025-07-08 02:21:34','2025-07-08 02:21:34',NULL),('9791197221989',1,5,5,'첫 여름, 완주',17000,'2025-05-08','ACTIVE','300','Korean','사람과 삶을 그린 감동적인 이야기',NULL,'2025-07-08 02:21:34','2025-07-08 02:21:34',NULL),('9791197437311',1,209,147,'백년허리 2: 치료편',18500,'2021-05-13','ACTIVE','300','Korean','삶과 사람에 대한 따뜻한 통찰',NULL,'2025-07-08 02:21:34','2025-07-08 02:21:34',NULL),('9791197672125',1,207,145,'똑게육아(리커버:K)',22200,'2022-02-24','ACTIVE','300','Korean','삶과 사람에 대한 따뜻한 통찰',NULL,'2025-07-08 02:21:34','2025-07-08 02:21:34',NULL),('9791197783104',82,128,96,'영화로 전선을 간다: 6.25 전쟁, 포연 속의 기록들',17500,'2022-06-23','ACTIVE','300','Korean','삶과 사람에 대한 따뜻한 통찰',NULL,'2025-07-08 02:21:34','2025-07-08 02:21:34',NULL),('9791198002952',115,71,58,'키위엔 영어회화 하루 5분의 기적',22000,'2025-06-18','ACTIVE','300','Korean','토익 필수 단어와 문제 완벽 정리',NULL,'2025-07-08 02:21:34','2025-07-08 02:21:34',NULL),('9791198517425',56,97,19,'불변의 법칙',25000,'2024-02-28','ACTIVE','300','Korean','사람과 삶을 그린 감동적인 이야기',NULL,'2025-07-08 02:21:34','2025-07-08 02:21:34',NULL),('9791198682550',1,57,63,'너에게 들려주는 단단한 말',18000,'2024-07-10','ACTIVE','300','Korean','감성을 자극하는 따뜻한 이야기',NULL,'2025-07-08 02:21:34','2025-07-08 02:21:34',NULL),('9791198843807',115,160,119,'시계토끼 기본 토익스피킹',26000,'2024-09-08','ACTIVE','300','Korean','삶과 사람에 대한 따뜻한 통찰',NULL,'2025-07-08 02:21:34','2025-07-08 02:21:34',NULL),('9791198854315',75,139,16,'퓨처 셀프 30만 부 기념 스페셜 에디션',22000,'2024-09-25','ACTIVE','300','Korean','삶과 사람에 대한 따뜻한 통찰',NULL,'2025-07-08 02:21:34','2025-07-08 02:21:34',NULL),('9791198854384',115,86,16,'김재우의 기초 영어회화 100',18900,'2024-12-04','ACTIVE','300','Korean','토익 필수 단어와 문제 완벽 정리',NULL,'2025-07-08 02:21:34','2025-07-08 02:21:34',NULL),('9791198881045',158,52,42,'2025 수제비 정보처리기사 실기 기본서 1~2권',40000,'2025-02-10','ACTIVE','300','Korean','삶과 사람에 대한 따뜻한 통찰',NULL,'2025-07-08 02:21:34','2025-07-08 02:21:34',NULL),('9791198985637',75,213,148,'스타트 위드 와이(15주년 특별 개정판)',22000,'2025-06-11','ACTIVE','300','Korean','삶과 사람에 대한 따뜻한 통찰',NULL,'2025-07-08 02:21:34','2025-07-08 02:21:34',NULL),('9791198987631',56,2,2,'세계 경제 지각 변동',22000,'2025-06-27','ACTIVE','300','Korean','삶과 사람에 대한 따뜻한 통찰',NULL,'2025-07-08 02:21:34','2025-07-08 02:21:34',NULL),('9791199247819',1,169,126,'잠자고 싶은  토끼',16800,'2025-05-26','ACTIVE','300','Korean','삶과 사람에 대한 따뜻한 통찰',NULL,'2025-07-08 02:21:34','2025-07-08 02:21:34',NULL),('ISBN1',18,1,10,'제목1',21000,'2025-07-03','ACTIVE','300','한국어','어린이 필독 도서2',4,'2025-07-09 12:32:33','2025-07-27 11:07:01',NULL),('ISBN3',282,1,164,'ISBN3',30000,'2025-07-03','ACTIVE','300','한국어','설명1',NULL,'2025-07-23 02:24:26','2025-07-23 02:25:21',NULL),('ISBN4',284,1,164,'ISBN4',30000,'2025-07-02','ACTIVE','200','영어','설명',NULL,'2025-07-23 02:26:58','2025-07-23 02:26:58',NULL),('test1',282,1,164,'test1',15000,'2000-01-01','ACTIVE','200','한국어','test1 설명',NULL,'2025-07-24 01:41:36','2025-07-24 01:41:36',NULL),('test11',282,1,164,'test11',12000,'2025-07-16','ACTIVE','20','ㅇㅇ','ㅇㅇ',NULL,'2025-07-27 10:16:35','2025-07-27 10:16:35',6),('test2',282,1,164,'test2',10000,'2000-01-01','ACTIVE','300','한국어','설명2',NULL,'2025-07-24 04:23:33','2025-07-24 04:23:33',4),('test3',282,1,164,'test3',20000,'2025-07-01','ACTIVE','130','한국어','설명23',NULL,'2025-07-24 04:54:06','2025-07-24 04:54:06',5),('test4',282,1,164,'test4',12000,'2000-01-01','ACTIVE','140','한국어','설명3',NULL,'2025-07-24 05:17:10','2025-07-24 05:17:10',NULL);
/*!40000 ALTER TABLE `books` ENABLE KEYS */;
UNLOCK TABLES;

--
-- Table structure for table `discount_policies`
--

DROP TABLE IF EXISTS `discount_policies`;
/*!40101 SET @saved_cs_client     = @@character_set_client */;
/*!50503 SET character_set_client = utf8mb4 */;
CREATE TABLE `discount_policies` (
  `policy_id` bigint NOT NULL AUTO_INCREMENT,
  `policy_title` varchar(255) COLLATE utf8mb4_unicode_ci NOT NULL,
  `policy_description` text COLLATE utf8mb4_unicode_ci,
  `policy_type` varchar(255) COLLATE utf8mb4_unicode_ci NOT NULL,
  `total_price_achieve` int DEFAULT NULL,
  `discount_percent` int NOT NULL,
  `start_date` date DEFAULT NULL,
  `end_date` date DEFAULT NULL,
  PRIMARY KEY (`policy_id`),
  CONSTRAINT `chk_policy_type` CHECK ((`policy_type` in (_utf8mb4'BOOK_DISCOUNT',_utf8mb4'CATEGORY_DISCOUNT',_utf8mb4'TOTAL_PRICE_DISCOUNT')))
) ENGINE=InnoDB AUTO_INCREMENT=53 DEFAULT CHARSET=utf8mb4 COLLATE=utf8mb4_unicode_ci;
/*!40101 SET character_set_client = @saved_cs_client */;

--
-- Dumping data for table `discount_policies`
--

LOCK TABLES `discount_policies` WRITE;
/*!40000 ALTER TABLE `discount_policies` DISABLE KEYS */;
INSERT INTO `discount_policies` VALUES (1,'여름 세일','','BOOK_DISCOUNT',NULL,10,'2025-07-08',NULL),(2,'파격 세일','','TOTAL_PRICE_DISCOUNT',30000,30,NULL,NULL),(3,'총액 할인 1','5만원 이상 구매시 할인','TOTAL_PRICE_DISCOUNT',50000,8,'2025-06-01','2025-06-30'),(4,'정책3','정책4 시작','TOTAL_PRICE_DISCOUNT',50000,20,'2025-07-02',NULL),(5,'카테고리 할인 2','과학 카테고리 한정 세일','CATEGORY_DISCOUNT',NULL,7,'2025-07-05','2025-07-25'),(6,'총액 할인 2','10만원 이상 구매시 15% 할인','TOTAL_PRICE_DISCOUNT',100000,15,'2025-06-01','2025-07-01'),(7,'도서 할인 3','기획전 도서 20% 할인','BOOK_DISCOUNT',NULL,20,'2025-06-20','2025-07-10'),(8,'카테고리 할인 3','자기계발서 할인','CATEGORY_DISCOUNT',NULL,12,'2025-07-01','2025-07-20'),(9,'총액 할인 3','7만원 이상 구매시 할인','TOTAL_PRICE_DISCOUNT',70000,10,'2025-06-15','2025-07-15'),(10,'도서 할인 4','베스트셀러 5% 할인','BOOK_DISCOUNT',NULL,5,'2025-07-05','2025-07-25'),(11,'카테고리 할인 4','역사책 할인 행사','CATEGORY_DISCOUNT',NULL,9,'2025-07-10','2025-07-30'),(12,'총액 할인 4','9만원 이상 구매시 9% 할인','TOTAL_PRICE_DISCOUNT',90000,9,'2025-06-20','2025-07-20'),(13,'도서 할인 5','출간 1년 도서 할인','BOOK_DISCOUNT',NULL,6,'2025-07-01','2025-07-31'),(14,'카테고리 할인 5','예술 카테고리 할인','CATEGORY_DISCOUNT',NULL,14,'2025-06-25','2025-07-25'),(15,'총액 할인 5','6만원 이상 구매시 할인','TOTAL_PRICE_DISCOUNT',60000,6,'2025-06-10','2025-07-10'),(16,'도서 할인 6','시집 특별 할인','BOOK_DISCOUNT',NULL,11,'2025-07-01','2025-07-21'),(17,'카테고리 할인 6','컴퓨터 카테고리 10%','CATEGORY_DISCOUNT',NULL,10,'2025-06-15','2025-07-15'),(18,'총액 할인 6','12만원 이상 구매시 할인','TOTAL_PRICE_DISCOUNT',120000,13,'2025-06-05','2025-07-05'),(19,'도서 할인 7','인문 도서 기획전','BOOK_DISCOUNT',NULL,8,'2025-06-30','2025-07-20'),(20,'카테고리 할인 7','경제 카테고리 할인','CATEGORY_DISCOUNT',NULL,11,'2025-07-01','2025-07-21'),(21,'총액 할인 7','11만원 이상 구매시 할인','TOTAL_PRICE_DISCOUNT',110000,14,'2025-06-10','2025-07-10'),(22,'도서 할인 8','한정판 도서 18%','BOOK_DISCOUNT',NULL,18,'2025-07-01','2025-07-15'),(23,'카테고리 할인 8','철학서 할인','CATEGORY_DISCOUNT',NULL,6,'2025-06-20','2025-07-20'),(24,'총액 할인 8','4만원 이상 구매시 할인','TOTAL_PRICE_DISCOUNT',40000,5,'2025-06-15','2025-07-15'),(25,'도서 할인 9','작가 추천 도서 할인','BOOK_DISCOUNT',NULL,7,'2025-07-05','2025-07-25'),(26,'카테고리 할인 9','건강/의학서 10%','CATEGORY_DISCOUNT',NULL,10,'2025-07-01','2025-07-31'),(27,'총액 할인 9','3만원 이상 구매시 7% 할인','TOTAL_PRICE_DISCOUNT',30000,7,'2025-06-20','2025-07-20'),(28,'도서 할인 10','한정 수량 할인','BOOK_DISCOUNT',NULL,9,'2025-07-01','2025-07-30'),(29,'카테고리 할인 10','디자인서 할인','CATEGORY_DISCOUNT',NULL,15,'2025-07-10','2025-07-30'),(30,'총액 할인 10','13만원 이상 구매시 할인','TOTAL_PRICE_DISCOUNT',130000,16,'2025-06-10','2025-07-10'),(31,'도서 할인 11','주간 베스트 할인','BOOK_DISCOUNT',NULL,10,'2025-06-15','2025-07-05'),(32,'카테고리 할인 11','IT서적 할인','CATEGORY_DISCOUNT',NULL,8,'2025-07-01','2025-07-20'),(33,'총액 할인 11','2만원 이상 구매시 할인','TOTAL_PRICE_DISCOUNT',20000,4,'2025-06-20','2025-07-20'),(34,'도서 할인 12','야간 특별 할인','BOOK_DISCOUNT',NULL,13,'2025-07-01','2025-07-10'),(35,'카테고리 할인 12','취미/여가 도서 할인','CATEGORY_DISCOUNT',NULL,10,'2025-07-05','2025-07-25'),(36,'총액 할인 12','15만원 이상 구매시 할인','TOTAL_PRICE_DISCOUNT',150000,20,'2025-06-15','2025-07-15'),(37,'도서 할인 13','정기구독 도서 할인','BOOK_DISCOUNT',NULL,14,'2025-07-01','2025-07-20'),(38,'카테고리 할인 13','육아/가정 도서 할인','CATEGORY_DISCOUNT',NULL,9,'2025-07-01','2025-07-30'),(39,'총액 할인 13','1만원 이상 구매시 할인','TOTAL_PRICE_DISCOUNT',10000,3,'2025-06-01','2025-07-01'),(40,'도서 할인 14','초판 도서 이벤트','BOOK_DISCOUNT',NULL,6,'2025-07-05','2025-07-25'),(41,'카테고리 할인 14','청소년 도서 세일','CATEGORY_DISCOUNT',NULL,12,'2025-07-10','2025-07-30'),(42,'총액 할인 14','16만원 이상 구매시 할인','TOTAL_PRICE_DISCOUNT',160000,18,'2025-06-20','2025-07-20'),(43,'도서 할인 15','새 학기 맞이 할인','BOOK_DISCOUNT',NULL,15,'2025-06-30','2025-07-20'),(44,'카테고리 할인 15','수험서 할인전','CATEGORY_DISCOUNT',NULL,20,'2025-07-01','2025-07-31'),(45,'총액 할인 15','14만원 이상 구매시 할인','TOTAL_PRICE_DISCOUNT',140000,17,'2025-06-05','2025-07-05'),(46,'도서 할인 16','중고 도서 추가 할인','BOOK_DISCOUNT',NULL,7,'2025-07-01','2025-07-31'),(47,'카테고리 할인 16','외국어 도서 프로모션','CATEGORY_DISCOUNT',NULL,10,'2025-06-25','2025-07-25'),(48,'총액 할인 16','17만원 이상 구매시 할인','TOTAL_PRICE_DISCOUNT',170000,19,'2025-06-01','2025-07-01'),(49,'도서 할인 17','스토어 전용 할인','BOOK_DISCOUNT',NULL,10,'2025-07-01','2025-07-21'),(50,'카테고리 할인 17','종교 도서 특별 할인','CATEGORY_DISCOUNT',NULL,13,'2025-06-15','2025-07-15'),(51,'할인 정책 1','할인 정책 1','TOTAL_PRICE_DISCOUNT',30000,20,'2025-07-02','2025-07-29');
/*!40000 ALTER TABLE `discount_policies` ENABLE KEYS */;
UNLOCK TABLES;

--
-- Table structure for table `publishers`
--

DROP TABLE IF EXISTS `publishers`;
/*!40101 SET @saved_cs_client     = @@character_set_client */;
/*!50503 SET character_set_client = utf8mb4 */;
CREATE TABLE `publishers` (
  `publisher_id` bigint NOT NULL AUTO_INCREMENT,
  `publisher_name` varchar(255) COLLATE utf8mb4_unicode_ci NOT NULL,
  PRIMARY KEY (`publisher_id`),
  UNIQUE KEY `publisher_name` (`publisher_name`)
) ENGINE=InnoDB AUTO_INCREMENT=165 DEFAULT CHARSET=utf8mb4 COLLATE=utf8mb4_unicode_ci;
/*!40101 SET character_set_client = @saved_cs_client */;

--
-- Dumping data for table `publishers`
--

LOCK TABLES `publishers` WRITE;
/*!40000 ALTER TABLE `publishers` DISABLE KEYS */;
INSERT INTO `publishers` VALUES (3,'BIRDBOX'),(4,'REFERENCE BY B'),(5,'Sphere'),(6,'YBM'),(7,'YG PLUS'),(8,'寶島社'),(9,'靑幻舍'),(10,'가나출판사'),(11,'건기원'),(12,'경이로움'),(13,'고려대학교출판문화원'),(14,'교보문고'),(15,'국민출판사'),(16,'글로퍼스'),(17,'길벗'),(18,'김영사'),(19,'꿈결'),(20,'꿈공장플러스'),(21,'나무를심는사람들'),(22,'남해의봄날'),(23,'넥서스'),(24,'노란잠수함'),(25,'누림'),(26,'다락원'),(27,'더퀘스트'),(28,'더한출판사'),(29,'데이비드북스'),(30,'도서출판 두리미디어'),(31,'도서출판혜지원'),(32,'동아출판'),(33,'디앤씨미디어'),(34,'디지털북스'),(35,'뜨인돌출판사'),(36,'라온북'),(37,'라이팅하우스'),(38,'레드리버'),(39,'로크미디어'),(40,'리드리드출판'),(41,'리얼북스'),(42,'마더타임'),(43,'마르코폴로'),(44,'마인드큐브'),(45,'메디치미디어'),(46,'모모북스'),(47,'문예출판사'),(48,'미디어숲'),(49,'민음사'),(50,'바른북스'),(51,'반니'),(52,'북라이프'),(53,'북스코프'),(54,'북카라반'),(55,'블루홀식스'),(56,'비룡소'),(57,'비즈니스북스'),(58,'삼성출판사'),(59,'상상출판'),(60,'생각의길'),(61,'서사원'),(62,'서해문집'),(63,'세나북스'),(64,'세종서적'),(65,'소미미디어'),(66,'소울소사이어티'),(67,'소울하우스'),(68,'수오서재'),(69,'스노우폭스북스'),(70,'스튜디오오드리'),(71,'시공사'),(72,'시대고시기획'),(73,'신아사'),(74,'쌤앤파커스'),(75,'씨드북'),(76,'씨앗을뿌리는사람'),(77,'아날로그'),(81,'아르고나인'),(82,'아르테(arte)'),(80,'아름다운사람들'),(78,'아몬드'),(79,'아미가출판사'),(83,'아이세움'),(84,'아이윌'),(85,'아주좋은날'),(86,'알에이치코리아'),(87,'애플비북스'),(88,'앤의서재'),(89,'에듀윌'),(90,'에이원북스'),(91,'에피스테메'),(92,'엘리'),(93,'엘리트2000'),(94,'열린책들'),(95,'영진닷컴'),(96,'예림당'),(98,'예문사'),(97,'예문아카이브'),(99,'예미'),(100,'예지'),(101,'예찬사'),(102,'오늘의문학사'),(103,'오르골'),(104,'오빛'),(105,'오픈하우스'),(106,'와이즈맵'),(107,'와이즈펭귄'),(108,'우듬지'),(109,'우아북스'),(110,'위너스북'),(111,'유노북스'),(112,'유엑스리뷰'),(113,'유페이퍼'),(114,'을유문화사'),(115,'이너북'),(116,'이랑'),(117,'이상미디랩'),(118,'이야기꽃'),(119,'이코노믹북스'),(120,'인간사랑'),(121,'인사이트앤뷰'),(122,'인싸이트'),(123,'일러스트제이'),(124,'자음과모음'),(125,'작은곰자리'),(126,'저스티스'),(127,'전한길한국사연구소'),(128,'정글북스'),(129,'정민미디어'),(2,'제이출판사'),(130,'제이펍'),(1,'제일출판사'),(131,'조선북스'),(132,'주니어김영사'),(133,'지식과감성'),(134,'지식의숲(넥서스)'),(135,'창비'),(136,'책밥상'),(138,'책이있는마을'),(137,'책읽는수요일'),(139,'천그루숲'),(140,'청림출판'),(141,'추수밭'),(164,'출판사1'),(162,'출판사11'),(163,'출판사4'),(142,'카시오페아'),(143,'키출판사'),(144,'타임북스'),(145,'태림스코필드'),(146,'토트'),(147,'티라미수'),(148,'파람북'),(149,'페이퍼로드'),(150,'푸른육아'),(151,'플랜비디자인'),(152,'한경BP'),(153,'한빛라이프'),(154,'한빛미디어'),(155,'해커스어학연구소'),(156,'해피니언'),(157,'행복한북클럽'),(158,'현대지성'),(159,'휴머니스트'),(160,'히읏');
/*!40000 ALTER TABLE `publishers` ENABLE KEYS */;
UNLOCK TABLES;

--
-- Table structure for table `upload_files`
--

DROP TABLE IF EXISTS `upload_files`;
/*!40101 SET @saved_cs_client     = @@character_set_client */;
/*!50503 SET character_set_client = utf8mb4 */;
CREATE TABLE `upload_files` (
  `upload_file_id` bigint NOT NULL AUTO_INCREMENT,
  `original_name` varchar(255) COLLATE utf8mb4_unicode_ci NOT NULL,
  `file_name` varchar(255) COLLATE utf8mb4_unicode_ci NOT NULL,
  `file_path` varchar(500) COLLATE utf8mb4_unicode_ci NOT NULL,
  `file_type` varchar(100) COLLATE utf8mb4_unicode_ci DEFAULT NULL,
  `file_size` bigint NOT NULL,
  `created_at` datetime DEFAULT CURRENT_TIMESTAMP,
  PRIMARY KEY (`upload_file_id`)
) ENGINE=InnoDB AUTO_INCREMENT=7 DEFAULT CHARSET=utf8mb4 COLLATE=utf8mb4_unicode_ci;
/*!40101 SET character_set_client = @saved_cs_client */;

--
-- Dumping data for table `upload_files`
--

LOCK TABLES `upload_files` WRITE;
/*!40000 ALTER TABLE `upload_files` DISABLE KEYS */;
INSERT INTO `upload_files` VALUES (2,'refactor6.png','fff1429d-665b-44e3-84f6-20fb5b7cb005_refactor6.png','C:/upload/file/fff1429d-665b-44e3-84f6-20fb5b7cb005_refactor6.png','image/png',41370,'2025-07-09 00:00:00'),(3,'책 표지1.jpeg','8f7036d3-3dcc-4503-8f23-88cd80c412f2_책 표지1.jpeg','C:/upload/file/8f7036d3-3dcc-4503-8f23-88cd80c412f2_책 표지1.jpeg','image/jpeg',8995,'2025-07-24 00:00:00'),(4,'책 표지1.jpeg','18c6c844-5050-4c0c-aa7c-dab2dc24eede_책 표지1.jpeg','C:/upload/file/18c6c844-5050-4c0c-aa7c-dab2dc24eede_책 표지1.jpeg','image/jpeg',8995,'2025-07-24 00:00:00'),(5,'책 표지1.jpeg','a691b783-2323-4aa5-af3b-4b08ebefdd78_책 표지1.jpeg','C:\\upload\\file\\a691b783-2323-4aa5-af3b-4b08ebefdd78_책 표지1.jpeg','image/jpeg',8995,'2025-07-24 00:00:00'),(6,'책 표지1.jpeg','e76820a3-c419-48e5-b843-5a4ac3ceb2ff_책 표지1.jpeg','C:\\upload\\file\\e76820a3-c419-48e5-b843-5a4ac3ceb2ff_책 표지1.jpeg','image/jpeg',8995,'2025-07-27 00:00:00');
/*!40000 ALTER TABLE `upload_files` ENABLE KEYS */;
UNLOCK TABLES;
/*!40103 SET TIME_ZONE=@OLD_TIME_ZONE */;

/*!40101 SET SQL_MODE=@OLD_SQL_MODE */;
/*!40014 SET FOREIGN_KEY_CHECKS=@OLD_FOREIGN_KEY_CHECKS */;
/*!40014 SET UNIQUE_CHECKS=@OLD_UNIQUE_CHECKS */;
/*!40101 SET CHARACTER_SET_CLIENT=@OLD_CHARACTER_SET_CLIENT */;
/*!40101 SET CHARACTER_SET_RESULTS=@OLD_CHARACTER_SET_RESULTS */;
/*!40101 SET COLLATION_CONNECTION=@OLD_COLLATION_CONNECTION */;
/*!40111 SET SQL_NOTES=@OLD_SQL_NOTES */;

-- Dump completed on 2025-08-14 11:17:47
